,Region_Num,Region_Name,Org_Name,Org_Code,2020-01-31 00:00:00,2020-02-29 00:00:00,2020-03-31 00:00:00,2020-04-30 00:00:00,2020-05-31 00:00:00,2020-06-30 00:00:00,2020-07-31 00:00:00,2020-08-31 00:00:00,2020-09-30 00:00:00,2020-10-31 00:00:00,2020-11-30 00:00:00,2020-12-31 00:00:00,2021-01-31 00:00:00,2021-02-28 00:00:00,2021-03-31 00:00:00,2021-04-30 00:00:00,2021-05-31 00:00:00,2021-06-30 00:00:00,2021-07-31 00:00:00,2021-08-31 00:00:00,2021-09-30 00:00:00,2021-10-31 00:00:00,2021-11-30 00:00:00,2021-12-31 00:00:00
8,,England,,,1275883,1280023,1287028,1298642,1307191,1316434,1317107,1308175,1309770,1312538,1320014,1319010,1327892,1339407,1348499,1346439,1344679,1346377,1346198,1348961,1355780,1359015,1366205,1362335
10,Y56,London,,,209281,209836,210843,212793,214395,216300,216346,215388,214549,215200,216514,216351,217571,218710,219818,219927,219791,220568,220068,221157,222227,223449,224992,224387
11,,,Barking and Dagenham PCT,5C2,0,0,0,0,0,0,0,0,0,0,0,0,0,0,0,0,0,0,0,0,0,0,0,0
12,,,"Barking, Havering and Redbridge University Hospitals NHS Trust",RF4,6703,6803,6819,6807,6925,6954,7015,6923,6912,6858,6926,6932,6995,7106,7181,7276,7221,7222,7192,7200,7237,7316,7369,7363
13,,,Barnet and Chase Farm Hospitals NHS Trust,RVL,0,0,0,0,0,0,0,0,0,0,0,0,0,0,0,0,0,0,0,0,0,0,0,0
14,,,Barnet PCT,5A9,0,0,0,0,0,0,0,0,0,0,0,0,0,0,0,0,0,0,0,0,0,0,0,0
15,,,"Barnet, Enfield and Haringey Mental Health NHS Trust",RRP,3340,3360,3393,3372,3399,3426,3414,3404,3364,3264,3299,3289,3325,3301,3335,3352,3340,3357,3356,3337,3342,3355,3381,3370
16,,,Barts and the London NHS Trust,RNJ,0,0,0,0,0,0,0,0,0,0,0,0,0,0,0,0,0,0,0,0,0,0,0,0
17,,,Barts Health NHS Trust,R1H,16061,16079,16140,16182,16380,16632,16537,16504,16130,16203,16321,16299,16370,16483,16545,16505,16798,16830,16818,16873,16855,16872,17028,16987
18,,,Bexley Care Trust,TAK,0,0,0,0,0,0,0,0,0,0,0,0,0,0,0,0,0,0,0,0,0,0,0,0
19,,,Brent Teaching PCT,5K5,0,0,0,0,0,0,0,0,0,0,0,0,0,0,0,0,0,0,0,0,0,0,0,0
20,,,Bromley PCT,5A7,0,0,0,0,0,0,0,0,0,0,0,0,0,0,0,0,0,0,0,0,0,0,0,0
21,,,Camden and Islington NHS Foundation Trust,TAF,2047,2064,2074,2068,2077,2089,2099,2092,2137,2132,2124,2124,2129,2155,2179,2192,2196,2203,2188,2183,2229,2260,2252,2232
22,,,Camden PCT,5K7,0,0,0,0,0,0,0,0,0,0,0,0,0,0,0,0,0,0,0,0,0,0,0,0
23,,,Central and North West London NHS Foundation Trust,RV3,7072,7076,7110,7178,7259,7382,7409,7393,7343,7343,7371,7342,7409,7430,7439,7422,7422,7459,7452,7569,7535,7596,7679,7638
24,,,Central London Community Healthcare NHS Trust,RYX,3930,3908,3891,3910,3888,3925,3931,3897,3928,3954,3997,4002,4017,4034,4053,4022,4029,4038,4010,4420,4429,4441,4465,4470
25,,,Chelsea and Westminster Hospital NHS Foundation Trust,RQM,6258,6250,6260,6277,6279,6331,6291,6245,6207,6202,6227,6237,6306,6303,6345,6346,6321,6313,6275,6315,6333,6352,6401,6360
26,,,City and Hackney Teaching PCT,5C3,0,0,0,0,0,0,0,0,0,0,0,0,0,0,0,0,0,0,0,0,0,0,0,0
27,,,Croydon Health Services NHS Trust,RJ6,3773,3805,3823,3845,3846,3909,3927,3922,3851,3852,3921,3921,3933,3959,4014,4035,4061,4072,4067,4084,4085,4081,4075,4053
28,,,Croydon PCT,5K9,0,0,0,0,0,0,0,0,0,0,0,0,0,0,0,0,0,0,0,0,0,0,0,0
29,,,Ealing Hospital NHS Trust,RC3,0,0,0,0,0,0,0,0,0,0,0,0,0,0,0,0,0,0,0,0,0,0,0,0
30,,,Ealing PCT,5HX,0,0,0,0,0,0,0,0,0,0,0,0,0,0,0,0,0,0,0,0,0,0,0,0
31,,,East London NHS Foundation Trust,RWK,5699,5773,5802,5893,5987,6017,6082,6026,6037,6037,6084,6093,6087,6191,6220,6164,6190,6202,6209,6252,6277,6314,6352,6361
32,,,Enfield PCT,5C1,0,0,0,0,0,0,0,0,0,0,0,0,0,0,0,0,0,0,0,0,0,0,0,0
33,,,Epsom and St Helier University Hospitals NHS Trust,RVR,5649,5671,5686,5756,5863,5917,5893,5843,5854,5872,5890,5867,5932,5960,6026,5991,5868,6380,6373,6392,6732,6792,6830,6836
34,,,Great Ormond Street Hospital For Children NHS Foundation Trust,RP4,4788,4778,4854,4864,4923,4974,4984,4959,5014,5013,5054,5023,5080,5096,5120,5147,5122,5092,5099,5405,5478,5487,5500,5457
35,,,Greenwich Teaching PCT,5A8,0,0,0,0,0,0,0,0,0,0,0,0,0,0,0,0,0,0,0,0,0,0,0,0
36,,,Guy's and St Thomas' NHS Foundation Trust,RJ1,16952,16992,17115,17125,17247,17506,17552,17443,17369,17363,17388,17343,21206,21231,21312,21375,21347,21444,21340,21555,21679,21799,21928,21814
37,,,Hammersmith and Fulham PCT,5H1,0,0,0,0,0,0,0,0,0,0,0,0,0,0,0,0,0,0,0,0,0,0,0,0
38,,,Haringey Teaching PCT,5C9,0,0,0,0,0,0,0,0,0,0,0,0,0,0,0,0,0,0,0,0,0,0,0,0
39,,,Harrow PCT,5K6,0,0,0,0,0,0,0,0,0,0,0,0,0,0,0,0,0,0,0,0,0,0,0,0
40,,,Havering PCT,5A4,0,0,0,0,0,0,0,0,0,0,0,0,0,0,0,0,0,0,0,0,0,0,0,0
41,,,Hillingdon Hospitals NHS Foundation Trust,RAS,3391,3389,3386,3382,3435,3438,3444,3417,3375,3387,3387,3372,3370,3385,3411,3423,3436,3416,3420,3427,3436,3475,3497,3493
42,,,Hillingdon PCT,5AT,0,0,0,0,0,0,0,0,0,0,0,0,0,0,0,0,0,0,0,0,0,0,0,0
43,,,Homerton University Hospital NHS Foundation Trust,RQX,3852,3833,3839,3872,3926,3960,3991,3924,3902,3936,3985,3977,3983,4009,4007,3963,3855,3842,3850,3833,3862,3888,3930,3897
44,,,Hounslow and Richmond Community Healthcare NHS Trust,RY9,1158,1157,1161,1148,1154,1165,1169,1160,1154,1166,1180,1188,1188,1190,1200,1233,1232,1227,1229,1225,1231,1233,1247,1231
45,,,Hounslow PCT,5HY,0,0,0,0,0,0,0,0,0,0,0,0,0,0,0,0,0,0,0,0,0,0,0,0
46,,,Imperial College Healthcare NHS Trust,RYJ,11383,11433,11527,12604,12730,12813,12773,12712,12607,12680,12788,12838,12881,12923,12968,12948,12889,12896,12824,12827,12817,12873,12900,12901
47,,,Islington PCT,5K8,0,0,0,0,0,0,0,0,0,0,0,0,0,0,0,0,0,0,0,0,0,0,0,0
48,,,Kensington and Chelsea PCT,5LA,0,0,0,0,0,0,0,0,0,0,0,0,0,0,0,0,0,0,0,0,0,0,0,0
49,,,King's College Hospital NHS Foundation Trust,RJZ,12357,12422,12504,12597,12664,12849,12854,12776,12627,12712,12892,12865,13013,13081,13141,13141,13117,13130,13118,13205,13228,13256,13337,13307
50,,,Kingston Hospital NHS Foundation Trust,RAX,3392,3376,3372,3399,3432,3438,3411,3356,3428,3471,3467,3436,3456,3455,3487,3480,3485,3467,3485,3477,3531,3551,3548,3525
51,,,Kingston PCT,5A5,0,0,0,0,0,0,0,0,0,0,0,0,0,0,0,0,0,0,0,0,0,0,0,0
52,,,Lambeth PCT,5LD,0,0,0,0,0,0,0,0,0,0,0,0,0,0,0,0,0,0,0,0,0,0,0,0
53,,,Lewisham and Greenwich NHS Trust,RJ2,6630,6642,6691,6738,6835,6889,6897,6795,6818,6880,6897,6864,6867,6860,6878,6885,6628,6609,6579,6612,6655,6696,6769,6764
54,,,Lewisham PCT,5LF,0,0,0,0,0,0,0,0,0,0,0,0,0,0,0,0,0,0,0,0,0,0,0,0
55,,,London Ambulance Service NHS Trust,RRU,6022,6013,5995,5979,5971,6017,6039,6179,6212,6275,6270,6239,6257,6366,6354,6364,6370,6437,6451,6485,6532,6592,6625,6577
56,,,London North West University Healthcare NHS Trust,R1K,8083,8068,8088,8141,8134,8135,8108,8075,8060,8022,8103,8095,8161,8168,8229,8203,8231,8173,8114,7672,7674,7724,7816,7858
57,,,Moorfields Eye Hospital NHS Foundation Trust,RP6,2239,2251,2255,2236,2206,2215,2232,2249,2270,2263,2267,2249,2242,2241,2257,2258,2275,2283,2279,2298,2294,2308,2315,2310
58,,,Newham PCT,5C5,0,0,0,0,0,0,0,0,0,0,0,0,0,0,0,0,0,0,0,0,0,0,0,0
59,,,Newham University Hospital NHS Trust,RNH,0,0,0,0,0,0,0,0,0,0,0,0,0,0,0,0,0,0,0,0,0,0,0,0
60,,,NHS Barking and Dagenham CCG,07L,13,13,13,12,12,12,12,12,12,12,12,12,12,12,12,0,0,0,0,0,0,0,0,0
61,,,NHS Barnet CCG,07M,96,96,0,0,0,0,0,0,0,0,0,0,0,0,0,0,0,0,0,0,0,0,0,0
62,,,NHS Bexley CCG,07N,73,72,0,0,0,0,0,0,0,0,0,0,0,0,0,0,0,0,0,0,0,0,0,0
63,,,NHS Brent CCG,07P,412,415,415,412,409,408,394,392,389,386,374,369,364,560,559,0,0,0,0,0,0,0,0,0
64,,,NHS Bromley CCG,07Q,90,85,0,0,0,0,0,0,0,0,0,0,0,0,0,0,0,0,0,0,0,0,0,0
65,,,NHS Camden CCG,07R,108,106,0,0,0,0,0,0,0,0,0,0,0,0,0,0,0,0,0,0,0,0,0,0
66,,,NHS Central London (Westminster) CCG,09A,165,159,157,150,149,147,145,145,145,137,129,129,126,45,43,0,0,0,0,0,0,0,0,0
67,,,NHS City and Hackney CCG,07T,63,62,64,64,64,64,63,62,62,61,60,61,61,60,61,0,0,0,0,0,0,0,0,0
68,,,NHS Croydon CCG,07V,83,77,0,0,0,0,0,0,0,0,0,0,0,0,0,0,0,0,0,0,0,0,0,0
69,,,NHS Ealing CCG,07W,78,71,71,72,70,67,66,64,63,59,56,55,55,34,33,0,0,0,0,0,0,0,0,0
70,,,NHS Enfield CCG,07X,87,86,0,0,0,0,0,0,0,0,0,0,0,0,0,0,0,0,0,0,0,0,0,0
71,,,NHS Greenwich CCG,08A,71,69,0,0,0,0,0,0,0,0,0,0,0,0,0,0,0,0,0,0,0,0,0,0
72,,,NHS Hammersmith and Fulham CCG,08C,57,55,56,54,54,54,54,54,51,51,49,47,45,21,21,0,0,0,0,0,0,0,0,0
73,,,NHS Haringey CCG,08D,66,64,0,0,0,0,0,0,0,0,0,0,0,0,0,0,0,0,0,0,0,0,0,0
74,,,NHS Harrow CCG,08E,53,53,51,50,49,48,48,47,46,45,45,44,44,27,27,0,0,0,0,0,0,0,0,0
75,,,NHS Havering CCG,08F,15,15,16,16,15,15,15,14,14,14,15,15,16,16,16,0,0,0,0,0,0,0,0,0
76,,,NHS Hillingdon CCG,08G,82,81,82,78,78,78,77,70,68,62,62,54,54,29,29,0,0,0,0,0,0,0,0,0
77,,,NHS Hounslow CCG,07Y,46,47,47,46,45,45,45,47,47,43,41,39,40,25,25,0,0,0,0,0,0,0,0,0
78,,,NHS Islington CCG,08H,137,138,0,0,0,0,0,0,0,0,0,0,0,0,0,0,0,0,0,0,0,0,0,0
79,,,NHS Kingston CCG,08J,43,44,0,0,0,0,0,0,0,0,0,0,0,0,0,0,0,0,0,0,0,0,0,0
80,,,NHS Lambeth CCG,08K,71,70,0,0,0,0,0,0,0,0,0,0,0,0,0,0,0,0,0,0,0,0,0,0
81,,,NHS Lewisham CCG,08L,70,66,0,0,0,0,0,0,0,0,0,0,0,0,0,0,0,0,0,0,0,0,0,0
82,,,NHS Merton CCG,08R,61,61,0,0,0,0,0,0,0,0,0,0,0,0,0,0,0,0,0,0,0,0,0,0
83,,,NHS Newham CCG,08M,60,60,59,60,61,61,60,58,57,57,56,55,54,55,55,0,0,0,0,0,0,0,0,0
84,,,NHS North Central London CCG,93C,0,0,480,465,457,453,449,444,439,432,428,422,419,418,418,429,426,428,435,437,440,451,460,464
85,,,NHS North East London CCG,A3A8R,0,0,0,0,0,0,0,0,0,0,0,0,0,0,0,553,552,550,551,554,561,569,573,584
86,,,NHS North West London CCG,W2U3Z,0,0,0,0,0,0,0,0,0,0,0,0,0,0,0,765,763,765,760,764,761,783,771,774
87,,,NHS Redbridge CCG,08N,169,171,172,171,171,172,168,165,164,164,168,167,169,168,169,0,0,0,0,0,0,0,0,0
88,,,NHS Richmond CCG,08P,55,55,0,0,0,0,0,0,0,0,0,0,0,0,0,0,0,0,0,0,0,0,0,0
89,,,NHS South East London CCG,72Q,0,0,488,475,471,469,479,485,511,525,533,535,540,547,552,561,556,559,561,586,588,598,600,597
90,,,NHS South West London CCG,36L,0,0,481,461,456,452,450,438,439,439,452,455,462,465,471,473,472,469,513,523,518,525,528,530
91,,,NHS Southwark CCG,08Q,136,137,0,0,0,0,0,0,0,0,0,0,0,0,0,0,0,0,0,0,0,0,0,0
92,,,NHS Sutton CCG,08T,73,72,0,0,0,0,0,0,0,0,0,0,0,0,0,0,0,0,0,0,0,0,0,0
93,,,NHS Tower Hamlets CCG,08V,131,134,138,173,176,179,185,184,182,188,190,189,200,208,207,0,0,0,0,0,0,0,0,0
94,,,NHS Waltham Forest CCG,08W,49,47,47,48,49,47,44,43,43,43,40,40,40,39,39,0,0,0,0,0,0,0,0,0
95,,,NHS Wandsworth CCG,08X,172,172,0,0,0,0,0,0,0,0,0,0,0,0,0,0,0,0,0,0,0,0,0,0
96,,,NHS West London CCG,08Y,57,55,55,54,55,54,54,55,56,57,57,56,55,40,40,0,0,0,0,0,0,0,0,0
97,,,North East London NHS Foundation Trust,RAT,5980,6012,6061,6165,6225,6253,6293,6299,6296,6339,6359,6365,6392,6508,6556,6546,6527,6557,6560,6553,6575,6616,6648,6682
98,,,North Middlesex University Hospital NHS Trust,RAP,3340,3324,3362,3435,3487,3575,3619,3522,3459,3560,3625,3660,3706,3748,3804,3824,3816,3816,3829,3815,3813,3807,3817,3808
99,,,North West London Hospitals NHS Trust,RV8,0,0,0,0,0,0,0,0,0,0,0,0,0,0,0,0,0,0,0,0,0,0,0,0
100,,,Oxleas NHS Foundation Trust,RPG,3915,3916,3924,3965,4000,4018,4007,3978,3947,3849,3862,3854,3871,3889,3922,3827,3825,3833,3823,3822,3852,3864,3912,3898
101,,,Redbridge PCT,5NA,0,0,0,0,0,0,0,0,0,0,0,0,0,0,0,0,0,0,0,0,0,0,0,0
102,,,Richmond and Twickenham PCT,5M6,0,0,0,0,0,0,0,0,0,0,0,0,0,0,0,0,0,0,0,0,0,0,0,0
103,,,Royal Brompton and Harefield NHS Foundation Trust,RT3,3785,3819,3848,3869,3855,3859,3843,3834,3832,3846,3850,3842,0,0,0,0,0,0,0,0,0,0,0,0
104,,,Royal Free London NHS Foundation Trust,RAL,9569,9618,9687,9754,9808,9881,9857,9856,9883,10044,9999,9971,10067,10105,10155,10270,10311,10342,10351,10403,10463,10511,10581,10558
105,,,Royal Marsden NHS Foundation Trust,RPY,3988,4010,4046,4061,4074,4090,4089,4090,4112,4124,4151,4148,4180,4167,4215,4206,4188,4193,4158,4181,4216,4254,4326,4304
106,,,Royal National Orthopaedic Hospital NHS Trust,RAN,1639,1637,1644,1632,1634,1635,1632,1622,1583,1600,1619,1617,1623,1625,1629,1627,1628,1623,1583,1583,1574,1583,1587,1575
107,,,South London and Maudsley NHS Foundation Trust,RV5,4981,5009,5023,4961,5044,5082,5083,5066,5036,5064,5085,5104,5155,5235,5255,5257,5272,5289,5258,5301,5295,5374,5420,5391
108,,,South London Healthcare NHS Trust,RYQ,0,0,0,0,0,0,0,0,0,0,0,0,0,0,0,0,0,0,0,0,0,0,0,0
109,,,South West London and St George's Mental Health NHS Trust,RQY,2347,2369,2390,2444,2451,2515,2534,2506,2469,2470,2498,2491,2514,2522,2526,2547,2544,2554,2544,2540,2543,2556,2588,2580
110,,,Southwark PCT,5LE,0,0,0,0,0,0,0,0,0,0,0,0,0,0,0,0,0,0,0,0,0,0,0,0
111,,,St George's University Hospitals NHS Foundation Trust,RJ7,8639,8648,8665,8675,8745,8820,8758,8804,8754,8761,8796,8831,8902,8946,8999,8997,9146,9177,9109,9218,9211,9256,9335,9285
112,,,Sutton and Merton PCT,5M7,0,0,0,0,0,0,0,0,0,0,0,0,0,0,0,0,0,0,0,0,0,0,0,0
113,,,Tavistock and Portman NHS Foundation Trust,RNK,773,780,788,767,763,767,764,770,772,760,775,768,785,797,798,798,789,776,774,775,789,791,787,792
114,,,Tower Hamlets PCT,5C4,0,0,0,0,0,0,0,0,0,0,0,0,0,0,0,0,0,0,0,0,0,0,0,0
115,,,University College London Hospitals NHS Foundation Trust,RRV,9285,9339,9428,9493,9544,9623,9651,9700,9681,9734,9822,9851,9921,9960,9946,9951,9946,9947,9903,9947,9990,10006,10121,10056
116,,,Waltham Forest PCT,5NC,0,0,0,0,0,0,0,0,0,0,0,0,0,0,0,0,0,0,0,0,0,0,0,0
117,,,Wandsworth PCT,5LG,0,0,0,0,0,0,0,0,0,0,0,0,0,0,0,0,0,0,0,0,0,0,0,0
118,,,West London NHS Trust,RKL,3693,3667,3668,3719,3714,3730,3725,3743,3749,3774,3811,3813,3811,3849,3884,3886,3913,3923,3959,3952,3968,4011,4039,4019
119,,,West Middlesex University Hospital NHS Trust,RFW,0,0,0,0,0,0,0,0,0,0,0,0,0,0,0,0,0,0,0,0,0,0,0,0
120,,,Westminster PCT,5LC,0,0,0,0,0,0,0,0,0,0,0,0,0,0,0,0,0,0,0,0,0,0,0,0
121,,,Whipps Cross University Hospital NHS Trust,RGC,0,0,0,0,0,0,0,0,0,0,0,0,0,0,0,0,0,0,0,0,0,0,0,0
122,,,Whittington Health NHS Trust,RKE,4303,4318,4322,4331,4381,4407,4399,4344,4341,4361,4394,4383,4388,4402,4422,4414,4389,4394,4368,4366,4389,4390,4402,4385
124,Y58,South West,,,125440,126033,126885,127653,128287,129247,128888,128299,129014,129340,130102,129835,130745,132039,132915,132307,132102,132011,132209,132371,133356,133741,134470,134085
125,,,Avon and Wiltshire Mental Health Partnership NHS Trust,RVN,4238,4229,4234,4466,4465,4476,4484,4456,4473,4481,4523,4506,4522,4596,4603,4533,4557,4561,4563,4581,4600,4569,4573,4542
126,,,Bath and North East Somerset PCT,5FL,0,0,0,0,0,0,0,0,0,0,0,0,0,0,0,0,0,0,0,0,0,0,0,0
127,,,Bournemouth and Poole Teaching PCT,5QN,0,0,0,0,0,0,0,0,0,0,0,0,0,0,0,0,0,0,0,0,0,0,0,0
128,,,Bristol PCT,5QJ,0,0,0,0,0,0,0,0,0,0,0,0,0,0,0,0,0,0,0,0,0,0,0,0
129,,,Cornwall and Isles of Scilly PCT,5QP,0,0,0,0,0,0,0,0,0,0,0,0,0,0,0,0,0,0,0,0,0,0,0,0
130,,,Cornwall Partnership NHS Foundation Trust,RJ8,3690,3689,3720,3856,3834,3853,3837,3882,3930,3940,4003,4009,4015,4048,4078,4044,4030,4011,3964,3961,3975,3968,3985,3993
131,,,Devon Partnership NHS Trust,RWV,3059,3079,3110,3148,3160,3194,3199,3208,3243,3263,3306,3298,3336,3357,3403,3364,3364,3364,3359,3411,3455,3482,3537,3547
132,,,Devon PCT,5QQ,0,0,0,0,0,0,0,0,0,0,0,0,0,0,0,0,0,0,0,0,0,0,0,0
133,,,Dorset County Hospital NHS Foundation Trust,RBD,2860,2893,2918,2958,2995,2998,3011,2959,2959,2944,2961,2955,2999,3026,3088,3118,3107,3111,3138,3149,3175,3184,3210,3199
134,,,Dorset Healthcare University NHS Foundation Trust,RDY,5895,5915,5941,5949,6152,6179,6171,6157,6193,6196,6234,6239,6285,6339,6388,6387,6343,6339,6276,6320,6409,6408,6448,6417
135,,,Dorset PCT,5QM,0,0,0,0,0,0,0,0,0,0,0,0,0,0,0,0,0,0,0,0,0,0,0,0
136,,,Gloucestershire Care Services NHS Trust,R1J,0,0,0,0,0,0,0,0,0,0,0,0,0,0,0,0,0,0,0,0,0,0,0,0
137,,,Gloucestershire Health and Care NHS Foundation Trust,RTQ,4689,4730,4792,4395,4425,4398,4358,4336,4377,4393,4410,4415,4457,4502,4532,4492,4468,4505,4473,4493,4505,4523,4538,4515
138,,,Gloucestershire Hospitals NHS Foundation Trust,RTE,7957,7968,8011,8076,8170,8187,8084,8069,8202,8230,8209,8236,8283,8345,8411,8425,8411,8387,8378,8333,8347,8315,8255,8197
139,,,Gloucestershire PCT,5QH,0,0,0,0,0,0,0,0,0,0,0,0,0,0,0,0,0,0,0,0,0,0,0,0
140,,,Great Western Ambulance Service NHS Trust,RX5,0,0,0,0,0,0,0,0,0,0,0,0,0,0,0,0,0,0,0,0,0,0,0,0
141,,,Great Western Hospitals NHS Foundation Trust,RN3,4911,4942,4990,5043,5075,5102,5099,5031,5033,5050,5099,5101,5134,5200,5266,5231,5194,5201,5242,5243,5270,5263,5292,5263
142,,,NHS Bath and North East Somerset CCG,11E,85,87,0,0,0,0,0,0,0,0,0,0,0,0,0,0,0,0,0,0,0,0,0,0
143,,,"NHS Bath and North East Somerset, Swindon and Wiltshire CCG",92G,0,0,379,370,376,379,379,390,390,387,389,394,405,411,410,418,415,421,418,423,426,430,439,437
144,,,NHS Bristol CCG,11H,0,0,0,0,0,0,0,0,0,0,0,0,0,0,0,0,0,0,0,0,0,0,0,0
145,,,"NHS Bristol, North Somerset and South Gloucestershire CCG",15C,388,451,456,455,452,448,449,450,449,450,455,453,451,446,451,447,454,458,456,466,460,461,472,475
146,,,NHS Devon CCG,15N,566,567,567,560,556,556,550,542,538,538,539,538,538,541,532,531,535,531,531,538,545,545,548,547
147,,,NHS Dorset CCG,11J,395,398,405,410,406,402,403,399,413,419,424,423,418,425,428,429,428,421,421,418,420,420,422,431
148,,,NHS Gloucestershire CCG,11M,353,349,345,342,338,336,333,332,338,345,351,353,355,361,360,364,361,365,373,377,377,380,384,386
149,,,NHS Kernow CCG,11N,272,273,268,269,270,270,267,260,259,258,262,261,265,272,279,279,280,277,280,285,289,292,296,294
150,,,NHS North Somerset CCG,11T,0,0,0,0,0,0,0,0,0,0,0,0,0,0,0,0,0,0,0,0,0,0,0,0
151,,,"NHS Northern, Eastern and Western Devon CCG",99P,0,0,0,0,0,0,0,0,0,0,0,0,0,0,0,0,0,0,0,0,0,0,0,0
152,,,NHS Somerset CCG,11X,261,259,260,259,253,259,259,263,263,263,267,269,270,269,272,271,271,277,275,279,278,278,281,280
153,,,NHS South Devon and Torbay CCG,99Q,0,0,0,0,0,0,0,0,0,0,0,0,0,0,0,0,0,0,0,0,0,0,0,0
154,,,NHS South Gloucestershire CCG,12A,0,0,0,0,0,0,0,0,0,0,0,0,0,0,0,0,0,0,0,0,0,0,0,0
155,,,NHS Swindon CCG,12D,129,133,0,0,0,0,0,0,0,0,0,0,0,0,0,0,0,0,0,0,0,0,0,0
156,,,NHS Wiltshire CCG,99N,159,159,0,0,0,0,0,0,0,0,0,0,0,0,0,0,0,0,0,0,0,0,0,0
157,,,North Bristol NHS Trust,RVJ,8607,8641,8744,8858,8891,8912,8824,8915,8981,8994,9130,9042,9216,9318,9372,9273,9262,9215,9196,9248,9264,9246,9306,9247
158,,,North Somerset PCT,5M8,0,0,0,0,0,0,0,0,0,0,0,0,0,0,0,0,0,0,0,0,0,0,0,0
159,,,Northern Devon Healthcare NHS Trust,RBZ,3311,3320,3326,3365,3367,3381,3398,3355,3392,3402,3412,3386,3399,3434,3451,3436,3443,3441,3446,3453,3479,3482,3505,3495
160,,,Plymouth Teaching PCT,5F1,0,0,0,0,0,0,0,0,0,0,0,0,0,0,0,0,0,0,0,0,0,0,0,0
161,,,Poole Hospital NHS Foundation Trust,RD3,4079,4079,4133,4164,4227,4241,4231,4190,0,0,0,0,0,0,0,0,0,0,0,0,0,0,0,0
162,,,Royal Bournemouth and Christchurch Hospitals NHS Foundation Trust,RDZ,4794,4812,4830,4830,4868,4908,4863,4825,0,0,0,0,0,0,0,0,0,0,0,0,0,0,0,0
163,,,Royal Cornwall Hospitals NHS Trust,REF,5842,5853,5897,5918,6006,6258,6245,6223,6269,6289,6320,6303,6344,6458,6499,6461,6447,6432,6416,6443,6476,6746,6812,6818
164,,,Royal Devon and Exeter NHS Foundation Trust,RH8,8563,8607,8645,8694,8706,8753,8735,8720,8775,8779,8773,8750,8748,8796,8844,8830,8833,8807,8759,8761,8751,8735,8805,8774
165,,,Royal National Hospital For Rheumatic Diseases NHS Foundation Trust,RBB,0,0,0,0,0,0,0,0,0,0,0,0,0,0,0,0,0,0,0,0,0,0,0,0
166,,,Royal United Hospitals Bath NHS Foundation Trust,RD1,5335,5339,5389,5440,5449,5492,5471,5425,5437,5459,5507,5496,5526,5576,5602,5604,5625,5644,5672,5663,5930,5901,5938,5921
167,,,Salisbury NHS Foundation Trust,RNZ,3678,3708,3727,3744,3745,3771,3765,3730,3751,3750,3785,3752,3762,3781,3790,3783,3776,3777,3776,3803,3817,3865,3886,3888
168,,,Somerset NHS Foundation Trust,RH5,3655,3692,8883,8925,8955,9039,9063,9025,9044,9047,9088,9038,9175,9278,9391,9456,9472,9463,9464,9454,9513,9503,9620,9623
169,,,Somerset PCT,5QL,0,0,0,0,0,0,0,0,0,0,0,0,0,0,0,0,0,0,0,0,0,0,0,0
170,,,South Gloucestershire PCT,5A3,0,0,0,0,0,0,0,0,0,0,0,0,0,0,0,0,0,0,0,0,0,0,0,0
171,,,South Western Ambulance Service NHS Foundation Trust,RYF,4569,4568,4596,4644,4484,4563,4570,4601,4625,4653,4672,4665,4724,4759,4792,4778,4772,4783,4769,4785,4799,4813,4867,4832
172,,,Swindon PCT,5K3,0,0,0,0,0,0,0,0,0,0,0,0,0,0,0,0,0,0,0,0,0,0,0,0
173,,,Taunton and Somerset NHS Foundation Trust,RBA,5079,5133,0,0,0,0,0,0,0,0,0,0,0,0,0,0,0,0,0,0,0,0,0,0
174,,,Torbay and South Devon NHS Foundation Trust,RA9,6386,6395,6410,6454,6484,6501,6515,6476,6494,6485,6519,6512,6552,6594,6636,6582,6605,6623,6660,6670,6695,6665,6681,6672
175,,,Torbay and Southern Devon Health and Care NHS Trust,R1G,0,0,0,0,0,0,0,0,0,0,0,0,0,0,0,0,0,0,0,0,0,0,0,0
176,,,Torbay Care Trust,TAL,0,0,0,0,0,0,0,0,0,0,0,0,0,0,0,0,0,0,0,0,0,0,0,0
177,,,University Hospitals Bristol and Weston NHS Foundation Trust,RA7,9598,9655,11401,11389,11424,11547,11444,11338,11372,11424,11437,11458,11517,11628,11677,11506,11470,11405,11431,11416,11522,11592,11635,11571
178,,,University Hospitals Dorset NHS Foundation Trust,R0D,0,0,0,0,0,0,0,0,8981,8985,9011,8999,9029,9134,9140,9175,9081,9073,9024,9030,9094,9125,9180,9171
179,,,University Hospitals Plymouth NHS Trust,RK9,8218,8275,8352,8486,8542,8631,8638,8537,8592,8662,8726,8686,8737,8871,8909,8777,8775,8781,9088,9055,9118,9151,9143,9134
180,,,Weston Area Health NHS Trust,RA3,1705,1694,0,0,0,0,0,0,0,0,0,0,0,0,0,0,0,0,0,0,0,0,0,0
181,,,Wiltshire PCT,5QK,0,0,0,0,0,0,0,0,0,0,0,0,0,0,0,0,0,0,0,0,0,0,0,0
182,,,Yeovil District Hospital NHS Foundation Trust,RA4,2351,2377,2401,2426,2440,2457,2478,2443,2484,2503,2545,2530,2536,2533,2567,2566,2561,2575,2604,2572,2603,2628,2650,2643
184,Y59,South East,,,172388,172866,173854,175007,175946,177541,177677,176545,177229,177776,178975,179003,180629,181860,183122,183321,183161,183215,183042,183344,184443,184849,186205,185769
185,,,Ashford and St. Peter's Hospitals NHS Foundation Trust,RTK,3976,3985,3997,4038,4061,4071,4069,4045,4063,4139,4171,4195,4243,4269,4272,4299,4286,4304,4327,4359,4379,4405,4421,4427
186,,,Berkshire East PCT,5QG,0,0,0,0,0,0,0,0,0,0,0,0,0,0,0,0,0,0,0,0,0,0,0,0
187,,,Berkshire Healthcare NHS Foundation Trust,RWX,4359,4356,4365,4378,4419,4462,4479,4472,4441,4476,4496,4509,4559,4575,4619,4625,4630,4630,4614,4612,4591,4474,4495,4513
188,,,Berkshire West PCT,5QF,0,0,0,0,0,0,0,0,0,0,0,0,0,0,0,0,0,0,0,0,0,0,0,0
189,,,Brighton and Hove City PCT,5LQ,0,0,0,0,0,0,0,0,0,0,0,0,0,0,0,0,0,0,0,0,0,0,0,0
190,,,Brighton and Sussex University Hospitals NHS Trust,RXH,8309,8323,8323,8427,8524,8587,8553,8511,8474,8486,8516,8503,8574,8569,0,0,0,0,0,0,0,0,0,0
191,,,Buckinghamshire Healthcare NHS Trust,RXQ,6056,6038,6053,6076,6089,6127,6197,6103,6060,6054,6048,6026,6046,6084,6112,6091,6064,6070,6097,6125,6160,6174,6207,6187
192,,,Buckinghamshire PCT,5QD,0,0,0,0,0,0,0,0,0,0,0,0,0,0,0,0,0,0,0,0,0,0,0,0
193,,,Dartford and Gravesham NHS Trust,RN7,3317,3309,3325,3366,3417,3442,3436,3369,3395,3396,3434,3427,3466,3507,3595,3612,3666,3690,3701,3770,3796,3821,3889,3883
194,,,East Kent Hospitals University NHS Foundation Trust,RVV,9501,9544,9648,9734,9807,9891,9945,9765,9818,9822,9886,9898,9992,10051,10074,10078,10078,10075,10062,10079,10199,10240,10250,10241
195,,,East Sussex Downs and Weald PCT,5P7,0,0,0,0,0,0,0,0,0,0,0,0,0,0,0,0,0,0,0,0,0,0,0,0
196,,,East Sussex Healthcare NHS Trust,RXC,7201,7228,7283,7338,7348,7373,7369,7358,7342,7362,7450,7456,7474,7529,7579,7559,7550,7549,7533,7545,7607,7637,7703,7684
197,,,Eastern and Coastal Kent PCT,5QA,0,0,0,0,0,0,0,0,0,0,0,0,0,0,0,0,0,0,0,0,0,0,0,0
198,,,Frimley Health NHS Foundation Trust,RDU,9590,9653,9684,9799,9786,9854,9831,9750,9785,9826,9857,9848,9922,10031,10086,10063,10067,10049,9978,9986,9988,9997,10039,10004
199,,,Hampshire Hospitals NHS Foundation Trust,RN5,6488,6531,6573,6657,6735,6858,6835,6778,6761,6821,6868,6900,6981,7012,7072,7089,7088,7092,7118,7159,7206,7234,7281,7278
200,,,Hampshire PCT,5QC,0,0,0,0,0,0,0,0,0,0,0,0,0,0,0,0,0,0,0,0,0,0,0,0
201,,,Hastings and Rother PCT,5P8,0,0,0,0,0,0,0,0,0,0,0,0,0,0,0,0,0,0,0,0,0,0,0,0
202,,,Heatherwood and Wexham Park Hospitals NHS Foundation Trust,RD7,0,0,0,0,0,0,0,0,0,0,0,0,0,0,0,0,0,0,0,0,0,0,0,0
203,,,Isle of Wight NHS PCT,5QT,0,0,0,0,0,0,0,0,0,0,0,0,0,0,0,0,0,0,0,0,0,0,0,0
204,,,Isle of Wight NHS Trust,R1F,3195,3200,3217,3231,3247,3260,3275,3231,3287,3307,3312,3326,3383,3417,3442,3451,3458,3468,3465,3439,3455,3468,3545,3560
205,,,Kent and Medway NHS and Social Care Partnership Trust,RXY,3159,3171,3216,3209,3276,3326,3327,3318,3325,3336,3368,3369,3379,3387,3406,3400,3393,3393,3389,3404,3426,3454,3497,3474
206,,,Kent Community Health NHS Foundation Trust,RYY,4867,4881,4920,4897,4916,4987,4991,4970,4990,4983,4976,4950,4989,4991,5001,4981,4956,4954,4939,4932,4947,4941,4982,4954
207,,,Maidstone and Tunbridge Wells NHS Trust,RWF,6019,6033,6063,6115,6130,6208,6235,6141,6159,6185,6242,6257,6299,6340,6386,6445,6444,6459,6513,6484,6531,6565,6617,6604
208,,,Medway NHS Foundation Trust,RPA,4310,4325,4339,4332,4414,4469,4455,4366,4370,4358,4365,4369,4442,4473,4476,4473,4480,4492,4488,4488,4544,4544,4575,4541
209,,,Medway PCT,5L3,0,0,0,0,0,0,0,0,0,0,0,0,0,0,0,0,0,0,0,0,0,0,0,0
210,,,NHS Ashford CCG,09C,7,7,0,0,0,0,0,0,0,0,0,0,0,0,0,0,0,0,0,0,0,0,0,0
211,,,NHS Aylesbury Vale CCG,10Y,0,0,0,0,0,0,0,0,0,0,0,0,0,0,0,0,0,0,0,0,0,0,0,0
212,,,NHS Berkshire West CCG,15A,112,110,111,111,110,110,109,109,110,109,112,113,112,111,111,110,111,110,111,111,108,106,104,106
213,,,NHS Bracknell and Ascot CCG,10G,0,0,0,0,0,0,0,0,0,0,0,0,0,0,0,0,0,0,0,0,0,0,0,0
214,,,NHS Brighton and Hove CCG,09D,0,0,0,0,0,0,0,0,0,0,0,0,0,0,0,0,0,0,0,0,0,0,0,0
215,,,NHS Buckinghamshire CCG,14Y,95,98,99,94,96,94,93,93,94,95,96,96,94,94,98,96,96,95,94,91,90,89,90,85
216,,,NHS Canterbury and Coastal CCG,09E,107,109,0,0,0,0,0,0,0,0,0,0,0,0,0,0,0,0,0,0,0,0,0,0
217,,,NHS Chiltern CCG,10H,0,0,0,0,0,0,0,0,0,0,0,0,0,0,0,0,0,0,0,0,0,0,0,0
218,,,NHS Coastal West Sussex CCG,09G,713,715,0,0,0,0,0,0,0,0,0,0,0,0,0,0,0,0,0,0,0,0,0,0
219,,,NHS Crawley CCG,09H,0,0,0,0,0,0,0,0,0,0,0,0,0,0,0,0,0,0,0,0,0,0,0,0
220,,,"NHS Dartford, Gravesham and Swanley CCG",09J,87,86,0,0,0,0,0,0,0,0,0,0,0,0,0,0,0,0,0,0,0,0,0,0
221,,,NHS East Berkshire CCG,15D,112,113,114,113,114,112,108,108,110,107,107,107,109,108,107,0,0,0,0,0,0,0,0,0
222,,,NHS East Surrey CCG,09L,16,16,0,0,0,0,0,0,0,0,0,0,0,0,0,0,0,0,0,0,0,0,0,0
223,,,NHS East Sussex CCG,97R,0,0,42,0,0,0,0,0,0,0,0,0,0,0,0,0,0,0,0,0,0,0,0,0
224,,,"NHS Eastbourne, Hailsham and Seaford CCG",09F,5,5,0,0,0,0,0,0,0,0,0,0,0,0,0,0,0,0,0,0,0,0,0,0
225,,,NHS Fareham and Gosport CCG,10K,0,0,0,0,0,0,0,0,0,0,0,0,0,0,0,0,0,0,0,0,0,0,0,0
226,,,NHS Frimley CCG,D4U1Y,0,0,0,0,0,0,0,0,0,0,0,0,0,0,0,222,222,223,216,219,221,233,238,242
227,,,NHS Guildford and Waverley CCG,09N,133,135,0,0,0,0,0,0,0,0,0,0,0,0,0,0,0,0,0,0,0,0,0,0
228,,,"NHS Hampshire, Southampton and Isle of Wight CCG",D9Y0V,0,0,0,0,0,0,0,0,0,0,0,0,0,0,0,821,836,841,849,851,860,858,884,883
229,,,NHS Hastings and Rother CCG,09P,0,0,0,0,0,0,0,0,0,0,0,0,0,0,0,0,0,0,0,0,0,0,0,0
230,,,NHS High Weald Lewes Havens CCG,99K,0,0,0,0,0,0,0,0,0,0,0,0,0,0,0,0,0,0,0,0,0,0,0,0
231,,,NHS Horsham and Mid Sussex CCG,09X,0,0,0,0,0,0,0,0,0,0,0,0,0,0,0,0,0,0,0,0,0,0,0,0
232,,,NHS Isle of Wight CCG,10L,0,0,0,0,0,0,0,0,0,0,0,0,0,0,0,0,0,0,0,0,0,0,0,0
233,,,NHS Kent and Medway CCG,91Q,0,0,630,656,657,654,650,648,648,642,643,634,628,626,629,630,642,648,669,675,678,680,689,692
234,,,NHS Medway CCG,09W,87,88,0,0,0,0,0,0,0,0,0,0,0,0,0,0,0,0,0,0,0,0,0,0
235,,,NHS Newbury and District CCG,10M,0,0,0,0,0,0,0,0,0,0,0,0,0,0,0,0,0,0,0,0,0,0,0,0
236,,,NHS North and West Reading CCG,10N,0,0,0,0,0,0,0,0,0,0,0,0,0,0,0,0,0,0,0,0,0,0,0,0
237,,,NHS North East Hampshire and Farnham CCG,99M,386,386,384,382,382,379,377,377,377,375,375,389,394,394,394,0,0,0,0,0,0,0,0,0
238,,,NHS North Hampshire CCG,10J,0,0,0,0,0,0,0,0,0,0,0,0,0,0,0,0,0,0,0,0,0,0,0,0
239,,,NHS North West Surrey CCG,09Y,125,128,0,0,0,0,0,0,0,0,0,0,0,0,0,0,0,0,0,0,0,0,0,0
240,,,NHS Oxfordshire CCG,10Q,111,111,110,108,104,107,108,108,108,107,108,107,103,103,103,103,104,104,105,104,104,104,104,105
241,,,NHS Portsmouth CCG,10R,100,102,101,100,100,101,101,102,101,100,100,100,100,96,95,94,92,92,92,89,89,90,86,88
242,,,NHS Slough CCG,10T,0,0,0,0,0,0,0,0,0,0,0,0,0,0,0,0,0,0,0,0,0,0,0,0
243,,,NHS South Eastern Hampshire CCG,10V,0,0,0,0,0,0,0,0,0,0,0,0,0,0,0,0,0,0,0,0,0,0,0,0
244,,,NHS South Kent Coast CCG,10A,57,56,0,0,0,0,0,0,0,0,0,0,0,0,0,0,0,0,0,0,0,0,0,0
245,,,NHS South Reading CCG,10W,0,0,0,0,0,0,0,0,0,0,0,0,0,0,0,0,0,0,0,0,0,0,0,0
246,,,NHS Southampton CCG,10X,119,120,122,119,119,118,117,119,119,123,122,123,125,125,127,0,0,0,0,0,0,0,0,0
247,,,NHS Surrey Downs CCG,99H,231,233,0,0,0,0,0,0,0,0,0,0,0,0,0,0,0,0,0,0,0,0,0,0
248,,,NHS Surrey Heartlands CCG,92A,0,0,513,516,514,520,518,522,525,521,529,533,540,533,542,536,535,541,535,535,538,530,535,530
249,,,NHS Surrey Heath CCG,10C,37,36,35,34,34,34,33,33,32,30,31,31,30,29,29,0,0,0,0,0,0,0,0,0
250,,,NHS Swale CCG,10D,99,102,0,0,0,0,0,0,0,0,0,0,0,0,0,0,0,0,0,0,0,0,0,0
251,,,NHS Thanet CCG,10E,65,65,0,0,0,0,0,0,0,0,0,0,0,0,0,0,0,0,0,0,0,0,0,0
252,,,NHS West Hampshire CCG,11A,343,349,348,354,357,357,360,357,356,358,363,371,372,375,377,0,0,0,0,0,0,0,0,0
253,,,NHS West Kent CCG,99J,106,107,0,0,0,0,0,0,0,0,0,0,0,0,0,0,0,0,0,0,0,0,0,0
254,,,NHS West Sussex CCG,70F,0,0,679,719,722,728,739,745,750,750,757,766,773,775,788,784,796,815,811,816,829,833,846,854
255,,,"NHS Windsor, Ascot and Maidenhead CCG",11C,0,0,0,0,0,0,0,0,0,0,0,0,0,0,0,0,0,0,0,0,0,0,0,0
256,,,NHS Wokingham CCG,11D,0,0,0,0,0,0,0,0,0,0,0,0,0,0,0,0,0,0,0,0,0,0,0,0
257,,,Nuffield Orthopaedic Centre NHS Trust,RBF,0,0,0,0,0,0,0,0,0,0,0,0,0,0,0,0,0,0,0,0,0,0,0,0
258,,,Oxford Health NHS Foundation Trust,RNU,5459,5474,5482,5522,5536,5607,5624,5591,5659,5616,5651,5635,5695,5763,5832,5834,5828,5825,5822,5834,5958,5980,6061,6023
259,,,Oxford University Hospitals NHS Foundation Trust,RTH,12515,12571,12755,12744,12849,13014,12947,12870,12941,12993,13096,13135,13254,13358,13409,13413,13387,13350,13269,13315,13368,13418,13507,13500
260,,,Oxfordshire Learning Disability NHS Trust,RHX,0,0,0,0,0,0,0,0,0,0,0,0,0,0,0,0,0,0,0,0,0,0,0,0
261,,,Oxfordshire PCT,5QE,0,0,0,0,0,0,0,0,0,0,0,0,0,0,0,0,0,0,0,0,0,0,0,0
262,,,Portsmouth City Teaching PCT,5FE,0,0,0,0,0,0,0,0,0,0,0,0,0,0,0,0,0,0,0,0,0,0,0,0
263,,,Portsmouth Hospitals University NHS Trust,RHU,7525,7529,7580,7620,7651,7688,7700,7668,7665,7672,7737,7762,7786,7868,7977,7989,7974,7967,7967,7942,7969,7944,7996,7982
264,,,Queen Victoria Hospital NHS Foundation Trust,RPC,1026,1043,1057,1056,1051,1063,1059,1053,1063,1061,1071,1066,1061,1061,1071,1067,1064,1061,1050,1046,1053,1058,1068,1068
265,,,Royal Berkshire NHS Foundation Trust,RHW,5423,5465,5501,5578,5592,5605,5595,5551,5557,5583,5629,5655,5802,5938,6015,6034,6047,6041,6098,6091,6111,6138,6191,6193
266,,,Royal Surrey County Hospital NHS Foundation Trust,RA2,4541,4572,4598,4597,4635,4644,4576,4559,4588,4623,4681,4685,4715,4744,4760,4774,4793,4776,4792,4774,4785,4799,4853,4840
267,,,Solent NHS Trust,R1C,3489,3478,3490,3509,3494,3543,3568,3554,3560,3567,3649,3663,3722,3763,3816,3844,3855,3857,3889,3900,3940,3932,3955,3946
268,,,South Central Ambulance Service NHS Foundation Trust,RYE,4031,4043,4042,4117,4140,4302,4317,4304,4329,4348,4403,4352,4427,4449,4482,4492,4461,4470,4463,4459,4475,4521,4530,4451
269,,,South East Coast Ambulance Service NHS Foundation Trust,RYD,3952,3955,3951,4021,4055,4096,4098,4124,4171,4231,4263,4254,4276,4277,4292,4266,4260,4251,4229,4230,4251,4266,4263,4222
270,,,Southampton City PCT,5L1,0,0,0,0,0,0,0,0,0,0,0,0,0,0,0,0,0,0,0,0,0,0,0,0
271,,,Southern Health NHS Foundation Trust,RW1,5898,5941,5948,6030,6077,6198,6216,6143,6080,6082,6112,6090,6163,6250,6297,6290,6258,6244,6233,6200,6205,6195,6216,6175
272,,,Surrey and Borders Partnership NHS Foundation Trust,RXX,2591,2590,2619,2602,2615,2654,2679,2690,2788,2734,2770,2764,2770,2777,2779,2798,2795,2807,2805,2811,2871,2868,2890,2892
273,,,Surrey and Sussex Healthcare NHS Trust,RTP,4652,4643,4663,4672,4665,4665,4651,4648,4668,4705,4723,4729,4746,4720,4740,4735,4713,4709,4682,4703,4669,4746,4828,4818
274,,,Surrey PCT,5P5,0,0,0,0,0,0,0,0,0,0,0,0,0,0,0,0,0,0,0,0,0,0,0,0
275,,,Sussex Community NHS Foundation Trust,RDR,4941,4949,4987,5009,5006,5041,5060,5071,5147,5158,5189,5210,5288,5356,5373,5359,5354,5336,5306,5316,5375,5349,5353,5317
276,,,Sussex Partnership NHS Foundation Trust,RX2,4654,4657,4691,4691,4695,4757,4771,4757,4870,4887,4935,4909,4964,5003,5065,5059,5069,5059,5058,5090,5163,5224,5310,5316
277,,,University Hospital Southampton NHS Foundation Trust,RHM,11288,11300,11356,11481,11517,11536,11555,11581,11679,11755,11825,11777,11881,11945,12094,12157,12062,12083,12030,12074,12194,12234,12301,12268
278,,,University Hospitals Sussex NHS Foundation Trust,RYR,7049,7054,7091,7118,7126,7152,7209,7136,7125,7148,7173,7176,7219,7266,15885,15922,15926,15968,15916,15970,15991,16000,16085,16088
279,,,West Kent PCT,5P9,0,0,0,0,0,0,0,0,0,0,0,0,0,0,0,0,0,0,0,0,0,0,0,0
280,,,West Sussex PCT,5P6,0,0,0,0,0,0,0,0,0,0,0,0,0,0,0,0,0,0,0,0,0,0,0,0
281,,,Winchester and Eastleigh Healthcare NHS Trust,RN1,0,0,0,0,0,0,0,0,0,0,0,0,0,0,0,0,0,0,0,0,0,0,0,0
283,Y60,Midlands,,,239260,240186,241487,243772,244981,246337,246699,245527,245773,246268,247780,247626,249148,250912,252633,252275,251925,252146,252216,252616,253539,254288,255730,254884
284,,,Birmingham and Solihull Mental Health NHS Foundation Trust,RXT,4152,4162,4182,4279,4371,4383,4377,4298,4312,4290,4300,4311,4316,4397,4426,4419,4414,4362,4362,4360,4373,4394,4404,4413
285,,,Birmingham Community Healthcare NHS Foundation Trust,RYW,4710,4738,4765,4756,4788,4786,4791,4757,4760,4776,4818,4803,4886,4963,5015,4993,4988,4963,4950,4916,4927,4883,4906,4890
286,,,Birmingham East and North PCT,5PG,0,0,0,0,0,0,0,0,0,0,0,0,0,0,0,0,0,0,0,0,0,0,0,0
287,,,Birmingham Women's and Children's NHS Foundation Trust,RQ3,5655,5692,5705,5707,5792,5923,5859,5859,5884,5920,5940,5945,5967,6007,6022,5997,5991,5994,5965,5961,5975,6032,6040,5991
288,,,Birmingham Women's NHS Foundation Trust,RLU,0,0,0,0,0,0,0,0,0,0,0,0,0,0,0,0,0,0,0,0,0,0,0,0
289,,,Black Country Healthcare NHS Foundation Trust,TAJ,2018,2014,2033,2032,2037,3473,3481,3468,3389,3316,3333,3332,3339,3361,3386,3368,3378,3380,3388,3434,3480,3504,3552,3527
290,,,Burton Hospitals NHS Foundation Trust,RJF,0,0,0,0,0,0,0,0,0,0,0,0,0,0,0,0,0,0,0,0,0,0,0,0
291,,,Chesterfield Royal Hospital NHS Foundation Trust,RFS,3580,3581,3671,3672,3672,3819,3819,3816,3781,3781,3781,3778,3778,3778,3936,3802,3772,3769,3853,3862,3912,3912,3908,3909
292,,,Coventry and Warwickshire Partnership NHS Trust,RYG,3623,3652,3666,3744,3745,3755,3751,3734,3722,3728,3721,3731,3792,3822,3853,3885,3902,3909,3890,3900,3957,3966,3964,3932
293,,,Coventry Teaching PCT,5MD,0,0,0,0,0,0,0,0,0,0,0,0,0,0,0,0,0,0,0,0,0,0,0,0
294,,,Derby City PCT,5N7,0,0,0,0,0,0,0,0,0,0,0,0,0,0,0,0,0,0,0,0,0,0,0,0
295,,,Derbyshire Community Health Services NHS Foundation Trust,RY8,4053,4077,4098,4023,4015,4032,4046,4036,4039,4006,4040,4041,4057,4082,4139,4150,4161,4165,4165,4175,4172,4175,4184,4168
296,,,Derbyshire County PCT,5N6,0,0,0,0,0,0,0,0,0,0,0,0,0,0,0,0,0,0,0,0,0,0,0,0
297,,,Derbyshire Healthcare NHS Foundation Trust,RXM,2606,2617,2643,2670,2666,2698,2687,2705,2719,2719,2729,2741,2754,2762,2761,2753,2748,2742,2732,2752,2780,2796,2815,2815
298,,,Dudley and Walsall Mental Health Partnership NHS Trust,RYK-X,1317,1312,1320,1430,1447,0,0,0,0,0,0,0,0,0,0,0,0,0,0,0,0,0,0,0
299,,,Dudley Group NHS Foundation Trust,RNA,4989,5008,5015,5111,5148,5177,5169,5132,5127,5117,5182,5184,5227,5295,5373,5356,5354,5374,5366,5381,5408,5436,5472,5464
300,,,Dudley Integrated Health and Care NHS Trust,RYK,0,0,0,0,0,0,0,0,61,204,201,229,248,256,258,321,317,314,341,337,351,359,371,372
301,,,Dudley PCT,5PE,0,0,0,0,0,0,0,0,0,0,0,0,0,0,0,0,0,0,0,0,0,0,0,0
302,,,East Midlands Ambulance Service NHS Trust,RX9,3919,3925,3952,3940,3950,3965,3981,3954,3940,3931,3936,3911,3886,3916,3923,3944,3943,3954,3936,3947,3946,3956,3997,3966
303,,,George Eliot Hospital NHS Trust,RLT,2408,2417,2438,2445,2478,2500,2505,2492,2512,2538,2586,2570,2587,2610,2616,2617,2624,2631,2624,2648,2673,2683,2679,2618
304,,,Heart of Birmingham Teaching PCT,5MX,0,0,0,0,0,0,0,0,0,0,0,0,0,0,0,0,0,0,0,0,0,0,0,0
305,,,Heart of England NHS Foundation Trust,RR1,0,0,0,0,0,0,0,0,0,0,0,0,0,0,0,0,0,0,0,0,0,0,0,0
306,,,Herefordshire and Worcestershire Health and Care NHS Trust,R1A,3776,3809,3838,4309,4328,4350,4373,4341,4344,4404,4402,4392,4421,4439,4430,4415,4400,4401,4385,4376,4390,4377,4412,4415
307,,,Herefordshire PCT,5CN,0,0,0,0,0,0,0,0,0,0,0,0,0,0,0,0,0,0,0,0,0,0,0,0
308,,,Kettering General Hospital NHS Foundation Trust,RNQ,4304,4339,4406,4421,4429,4464,4460,4424,4441,4433,4535,4540,4579,4624,4719,4757,4713,4793,4764,4760,4818,4845,4845,4837
309,,,Leicester City PCT,5PC,0,0,0,0,0,0,0,0,0,0,0,0,0,0,0,0,0,0,0,0,0,0,0,0
310,,,Leicestershire County and Rutland PCT,5PA,0,0,0,0,0,0,0,0,0,0,0,0,0,0,0,0,0,0,0,0,0,0,0,0
311,,,Leicestershire Partnership NHS Trust,RT5,5214,5212,5211,5231,5247,5255,5284,5276,5257,5249,5253,5245,5265,5313,5341,5320,5323,5318,5321,5358,5384,5412,5470,5493
312,,,Lincolnshire Community Health Services NHS Trust,RY5,1920,1922,1929,1920,1959,1963,1958,1977,2000,2002,2039,2038,2068,2072,2081,2081,2092,2112,2104,2124,2164,2167,2184,2173
313,,,Lincolnshire Partnership NHS Foundation Trust,RP7,2114,2127,2129,2155,2158,2165,2159,2164,2172,2185,2191,2197,2220,2232,2235,2241,2240,2228,2227,2246,2249,2257,2289,2286
314,,,Lincolnshire Teaching PCT,5N9,0,0,0,0,0,0,0,0,0,0,0,0,0,0,0,0,0,0,0,0,0,0,0,0
315,,,Mid Staffordshire NHS Foundation Trust,RJD,0,0,0,0,0,0,0,0,0,0,0,0,0,0,0,0,0,0,0,0,0,0,0,0
316,,,Midlands Partnership NHS Foundation Trust,RRE,8125,8162,8197,8412,8448,8465,8461,8474,8483,8510,8607,8630,8737,8767,8807,8771,8780,8789,8774,8801,8875,8883,8921,8888
317,,,NHS Birmingham and Solihull CCG,15E,354,353,356,359,359,362,357,356,358,436,439,442,443,448,442,431,430,429,433,431,424,419,420,428
318,,,NHS Birmingham CrossCity CCG,13P,0,0,0,0,0,0,0,0,0,0,0,0,0,0,0,0,0,0,0,0,0,0,0,0
319,,,NHS Birmingham South and Central CCG,04X,0,0,0,0,0,0,0,0,0,0,0,0,0,0,0,0,0,0,0,0,0,0,0,0
320,,,NHS Black Country and West Birmingham CCG,D2P2L,0,0,0,0,0,0,0,0,0,0,0,0,0,0,0,400,404,422,418,429,429,441,467,476
321,,,NHS Cannock Chase CCG,04Y,0,0,0,0,0,0,0,0,0,0,0,0,0,0,0,0,0,0,0,0,0,0,0,0
322,,,NHS Corby CCG,03V,7,7,0,0,0,0,0,0,0,0,0,0,0,0,0,0,0,0,0,0,0,0,0,0
323,,,NHS Coventry and Rugby CCG,05A,244,246,246,244,243,244,248,244,247,247,244,245,242,241,0,0,0,0,0,0,0,0,0,0
324,,,NHS Coventry and Warwickshire CCG,B2M3M,0,0,0,0,0,0,0,0,0,0,0,0,0,0,344,341,340,337,330,328,324,322,322,321
325,,,NHS Derby and Derbyshire CCG,15M,464,468,472,474,476,472,465,466,467,465,466,472,482,477,480,473,473,482,480,474,479,476,483,486
326,,,NHS Dudley CCG,05C,115,117,117,116,116,114,115,117,115,59,58,57,56,55,55,0,0,0,0,0,0,0,0,0
327,,,NHS East Leicestershire and Rutland CCG,03W,71,68,67,65,64,66,55,55,53,52,45,37,28,23,24,25,23,26,26,25,24,24,24,24
328,,,NHS East Staffordshire CCG,05D,0,0,0,0,0,0,0,0,0,0,0,0,0,0,0,0,0,0,0,0,0,0,0,0
329,,,NHS Erewash CCG,03X,0,0,0,0,0,0,0,0,0,0,0,0,0,0,0,0,0,0,0,0,0,0,0,0
330,,,NHS Hardwick CCG,03Y,0,0,0,0,0,0,0,0,0,0,0,0,0,0,0,0,0,0,0,0,0,0,0,0
331,,,NHS Herefordshire and Worcestershire CCG,18C,0,0,269,258,258,260,262,265,267,271,275,273,273,272,277,284,291,292,295,291,288,282,287,290
332,,,NHS Herefordshire CCG,05F,73,69,0,0,0,0,0,0,0,0,0,0,0,0,0,0,0,0,0,0,0,0,0,0
333,,,NHS Leicester City CCG,04C,116,115,114,113,112,113,126,126,133,132,144,165,184,202,215,224,239,238,240,240,248,248,248,249
334,,,NHS Lincolnshire CCG,71E,0,0,253,263,253,258,256,255,255,257,259,256,310,319,332,343,359,366,366,391,395,398,400,408
335,,,NHS Lincolnshire East CCG,03T,50,50,0,0,0,0,0,0,0,0,0,0,0,0,0,0,0,0,0,0,0,0,0,0
336,,,NHS Lincolnshire West CCG,04D,126,127,0,0,0,0,0,0,0,0,0,0,0,0,0,0,0,0,0,0,0,0,0,0
337,,,NHS Mansfield and Ashfield CCG,04E,100,105,0,0,0,0,0,0,0,0,0,0,0,0,0,0,0,0,0,0,0,0,0,0
338,,,NHS Nene CCG,04G,137,135,0,0,0,0,0,0,0,0,0,0,0,0,0,0,0,0,0,0,0,0,0,0
339,,,NHS Newark and Sherwood CCG,04H,35,34,0,0,0,0,0,0,0,0,0,0,0,0,0,0,0,0,0,0,0,0,0,0
340,,,NHS North Derbyshire CCG,04J,0,0,0,0,0,0,0,0,0,0,0,0,0,0,0,0,0,0,0,0,0,0,0,0
341,,,NHS North Staffordshire CCG,05G,0,0,0,0,0,0,0,0,0,0,0,0,0,0,0,0,0,0,0,0,0,0,0,0
342,,,NHS Northamptonshire CCG,78H,0,0,143,148,147,149,146,146,145,142,140,138,136,138,138,138,137,137,135,135,137,140,144,142
343,,,NHS Nottingham and Nottinghamshire CCG,52R,0,0,450,451,445,446,451,453,453,453,449,447,448,451,451,441,446,448,450,450,461,454,457,461
344,,,NHS Nottingham City CCG,04K,123,123,0,0,0,0,0,0,0,0,0,0,0,0,0,0,0,0,0,0,0,0,0,0
345,,,NHS Nottingham North and East CCG,04L,54,57,0,0,0,0,0,0,0,0,0,0,0,0,0,0,0,0,0,0,0,0,0,0
346,,,NHS Nottingham West CCG,04M,21,21,0,0,0,0,0,0,0,0,0,0,0,0,0,0,0,0,0,0,0,0,0,0
347,,,NHS Redditch and Bromsgrove CCG,05J,59,58,0,0,0,0,0,0,0,0,0,0,0,0,0,0,0,0,0,0,0,0,0,0
348,,,NHS Rushcliffe CCG,04N,102,104,0,0,0,0,0,0,0,0,0,0,0,0,0,0,0,0,0,0,0,0,0,0
349,,,NHS Sandwell and West Birmingham CCG,05L,184,182,187,189,187,185,185,183,179,172,172,168,166,164,163,0,0,0,0,0,0,0,0,0
350,,,NHS Shropshire CCG,05N,179,176,177,173,169,168,168,161,160,156,155,149,146,144,142,0,0,0,0,0,0,0,0,0
351,,,"NHS Shropshire, Telford and Wrekin CCG",M2L0M,0,0,0,0,0,0,0,0,0,0,0,0,0,0,0,18,19,51,235,239,235,238,239,238
352,,,NHS Solihull CCG,05P,0,0,0,0,0,0,0,0,0,0,0,0,0,0,0,0,0,0,0,0,0,0,0,0
353,,,NHS South East Staffordshire and Seisdon Peninsula CCG,05Q,0,0,0,0,0,0,0,0,0,0,0,0,0,0,0,0,0,0,0,0,0,0,0,0
354,,,NHS South Lincolnshire CCG,99D,4,4,0,0,0,0,0,0,0,0,0,0,0,0,0,0,0,0,0,0,0,0,0,0
355,,,NHS South Warwickshire CCG,05R,56,56,55,55,54,53,54,55,55,56,56,58,59,60,0,0,0,0,0,0,0,0,0,0
356,,,NHS South West Lincolnshire CCG,04Q,73,72,0,0,0,0,0,0,0,0,0,0,0,0,0,0,0,0,0,0,0,0,0,0
357,,,NHS South Worcestershire CCG,05T,141,142,0,0,0,0,0,0,0,0,0,0,0,0,0,0,0,0,0,0,0,0,0,0
358,,,NHS Southern Derbyshire CCG,04R,0,0,0,0,0,0,0,0,0,0,0,0,0,0,0,0,0,0,0,0,0,0,0,0
359,,,NHS Stafford and Surrounds CCG,05V,271,270,269,265,263,272,270,269,267,266,271,271,273,275,272,266,268,271,269,269,273,277,279,279
360,,,NHS Stoke on Trent CCG,05W,2,3,3,2,2,2,2,6,6,5,7,8,6,0,0,220,215,184,0,0,0,0,0,0
361,,,NHS Telford and Wrekin CCG,05X,108,107,107,106,105,104,102,102,101,99,96,97,101,100,99,0,0,0,0,0,0,0,0,0
362,,,NHS Walsall CCG,05Y,82,80,83,78,78,77,76,76,75,72,74,74,74,72,75,0,0,0,0,0,0,0,0,0
363,,,NHS Warwickshire North CCG,05H,44,45,44,42,42,42,43,44,44,43,44,44,42,43,0,0,0,0,0,0,0,0,0,0
364,,,NHS West Leicestershire CCG,04V,65,65,65,64,64,60,56,60,50,48,43,32,24,21,21,24,24,23,25,25,24,25,25,24
365,,,NHS Wolverhampton CCG,06A,114,114,114,110,110,110,109,108,109,108,110,110,110,109,107,0,0,0,0,0,0,0,0,0
366,,,NHS Wyre Forest CCG,06D,1,1,0,0,0,0,0,0,0,0,0,0,0,0,0,0,0,0,0,0,0,0,0,0
367,,,North Staffordshire Combined Healthcare NHS Trust,RLY,1613,1610,1616,1631,1635,1639,1587,1566,1557,1558,1562,1562,1562,1584,1601,1601,1609,1615,1626,1629,1651,1665,1679,1681
368,,,North Staffordshire PCT,5PH,0,0,0,0,0,0,0,0,0,0,0,0,0,0,0,0,0,0,0,0,0,0,0,0
369,,,Northampton General Hospital NHS Trust,RNS,5236,5261,5288,5304,5340,5419,5412,5442,5453,5499,5579,5551,5596,5643,5657,5670,5636,5648,5662,5658,5661,5659,5678,5644
370,,,Northamptonshire Healthcare NHS Foundation Trust,RP1,3894,3894,3899,3881,3910,3931,3941,3913,3938,3925,4061,4079,4115,4149,4171,4197,4194,4218,4230,4255,4298,4325,4360,4358
371,,,Northamptonshire Teaching PCT,5PD,0,0,0,0,0,0,0,0,0,0,0,0,0,0,0,0,0,0,0,0,0,0,0,0
372,,,Nottingham City PCT,5EM,0,0,0,0,0,0,0,0,0,0,0,0,0,0,0,0,0,0,0,0,0,0,0,0
373,,,Nottingham University Hospitals NHS Trust,RX1,15802,15855,15932,16016,16091,16211,16244,16272,16331,16383,16471,16444,16565,16712,16838,16829,16841,16918,16969,16993,17038,17065,17194,17157
374,,,Nottinghamshire County Teaching PCT,5N8,0,0,0,0,0,0,0,0,0,0,0,0,0,0,0,0,0,0,0,0,0,0,0,0
375,,,Nottinghamshire Healthcare NHS Foundation Trust,RHA,8712,8723,8805,8818,8870,8845,8873,8897,8921,8955,9006,9008,9087,9106,9141,8944,8970,8959,8969,8960,8949,8974,8951,8909
376,,,Robert Jones and Agnes Hunt Orthopaedic Hospital NHS Foundation Trust,RL1,1550,1553,1568,1562,1568,1581,1576,1564,1564,1567,1565,1569,1570,1574,1591,1600,1596,1606,1601,1613,1615,1616,1616,1618
377,,,Royal Orthopaedic Hospital NHS Foundation Trust,RRJ,1106,1123,1133,1137,1133,1142,1134,1128,1136,1138,1148,1146,1161,1175,1185,1188,1192,1208,1209,1212,1209,1222,1225,1218
378,,,Royal Wolverhampton NHS Trust,RL4,9367,9401,9434,9555,9622,9696,9693,9689,9679,9713,9796,9774,9837,9915,9966,10038,10016,10021,10020,10001,10029,9993,10056,10039
379,,,Sandwell and West Birmingham Hospitals NHS Trust,RXK,6944,7025,7057,7180,7273,7323,7326,7316,7256,7213,7244,7205,7209,7258,7293,7170,7174,7177,7194,7221,7270,7279,7327,7303
380,,,Sandwell PCT,5PF,0,0,0,0,0,0,0,0,0,0,0,0,0,0,0,0,0,0,0,0,0,0,0,0
381,,,Sherwood Forest Hospitals NHS Foundation Trust,RK5,5040,5061,5088,5108,5140,5170,5192,5165,5185,5196,5234,5225,5246,5281,5299,5291,5265,5273,5318,5352,5367,5401,5459,5498
382,,,Shrewsbury and Telford Hospital NHS Trust,RXW,6162,6247,6313,6382,6417,6445,6443,6445,6446,6505,6511,6520,6642,6672,6674,6674,6686,6660,6632,6697,6717,6777,6799,6773
383,,,Shropshire Community Health NHS Trust,R1D,1577,1587,1574,1580,1577,1585,1582,1576,1584,1600,1599,1608,1612,1627,1628,1573,1564,1569,1571,1556,1557,1556,1578,1572
384,,,Shropshire County PCT,5M2,0,0,0,0,0,0,0,0,0,0,0,0,0,0,0,0,0,0,0,0,0,0,0,0
385,,,Solihull Care Trust,TAM,0,0,0,0,0,0,0,0,0,0,0,0,0,0,0,0,0,0,0,0,0,0,0,0
386,,,Solihull PCT,5QW,0,0,0,0,0,0,0,0,0,0,0,0,0,0,0,0,0,0,0,0,0,0,0,0
387,,,South Birmingham PCT,5M1,0,0,0,0,0,0,0,0,0,0,0,0,0,0,0,0,0,0,0,0,0,0,0,0
388,,,South Staffordshire PCT,5PK,0,0,0,0,0,0,0,0,0,0,0,0,0,0,0,0,0,0,0,0,0,0,0,0
389,,,South Warwickshire NHS Foundation Trust,RJC,4745,4766,4810,4845,4861,4817,4816,4835,4850,4885,4944,4960,5006,5033,5035,5017,5030,4999,4978,4945,4966,5001,4996,4874
390,,,Staffordshire and Stoke on Trent Partnership NHS Trust,R1E,0,0,0,0,0,0,0,0,0,0,0,0,0,0,0,0,0,0,0,0,0,0,0,0
391,,,Stoke On Trent PCT,5PJ,0,0,0,0,0,0,0,0,0,0,0,0,0,0,0,0,0,0,0,0,0,0,0,0
392,,,Telford and Wrekin PCT,5MK,0,0,0,0,0,0,0,0,0,0,0,0,0,0,0,0,0,0,0,0,0,0,0,0
393,,,United Lincolnshire Hospitals NHS Trust,RWD,7772,7791,7828,7881,7880,7879,7939,7867,7926,7969,8009,7974,8003,8060,8240,8286,8257,8254,8299,8213,8286,8283,8330,8301
394,,,University Hospitals Birmingham NHS Foundation Trust,RRK,20941,21013,21112,21151,21226,21403,21407,21202,21176,21174,21215,21107,21121,21340,21390,21399,21191,21189,21110,21171,21183,21270,21409,21309
395,,,University Hospitals Coventry and Warwickshire NHS Trust,RKB,8370,8398,8431,8415,8400,8381,8387,8405,8477,8545,8638,8644,8714,8804,8929,8967,8954,8967,8939,9020,9016,9008,9051,9032
396,,,University Hospitals of Derby and Burton NHS Foundation Trust,RTG,12669,12707,12714,12807,12793,12804,12932,12882,12921,12937,13009,12972,13055,13133,13257,13247,13227,13247,13315,13308,13311,13421,13503,13445
397,,,University Hospitals of Leicester NHS Trust,RWE,15507,15553,15603,15736,15776,15892,16034,15726,15644,15594,15683,15650,15746,15802,15885,15936,15954,15990,16068,15991,16032,16023,16167,16098
398,,,University Hospitals of North Midlands NHS Trust,RJE,10603,10635,10669,10751,10899,10946,10970,10820,10805,10797,10841,10983,11015,11029,11047,11010,10985,10982,10917,10904,10897,10927,10938,10913
399,,,Walsall Healthcare NHS Trust,RBK,4185,4194,4188,4205,4184,4224,4239,4228,4201,4220,4184,4160,4189,4231,4286,4275,4299,4293,4287,4337,4355,4391,4425,4419
400,,,Walsall Teaching PCT,5M3,0,0,0,0,0,0,0,0,0,0,0,0,0,0,0,0,0,0,0,0,0,0,0,0
401,,,Warwickshire PCT,5PM,0,0,0,0,0,0,0,0,0,0,0,0,0,0,0,0,0,0,0,0,0,0,0,0
402,,,West Midlands Ambulance Service University NHS Foundation Trust,RYA,6123,6131,6266,6498,6650,6678,6761,6716,6758,6728,6755,6721,6734,6793,6789,6818,6752,6717,6769,6831,6822,6904,6996,6953
403,,,Wolverhampton City PCT,5MV,0,0,0,0,0,0,0,0,0,0,0,0,0,0,0,0,0,0,0,0,0,0,0,0
404,,,Worcestershire Acute Hospitals NHS Trust,RWP,6286,6320,6359,6454,6462,6524,6478,6414,6443,6452,6496,6505,6520,6572,6623,6564,6556,6550,6502,6541,6559,6561,6580,6568
405,,,Worcestershire Mental Health Partnership NHS Trust,RWQ,0,0,0,0,0,0,0,0,0,0,0,0,0,0,0,0,0,0,0,0,0,0,0,0
406,,,Worcestershire PCT,5PL,0,0,0,0,0,0,0,0,0,0,0,0,0,0,0,0,0,0,0,0,0,0,0,0
407,,,Wye Valley NHS Trust,RLQ,3378,3384,3415,3430,3428,3456,3423,3414,3443,3456,3496,3492,3510,3522,3572,3565,3570,3572,3569,3581,3604,3594,3625,3623
409,Y61,East of England,,,119542,120021,120774,121232,121786,122565,123079,122350,122955,123261,124191,124171,125035,126650,128019,127830,127844,127925,128358,128476,128975,129073,129503,128966
410,,,Basildon and Thurrock University Hospitals NHS Foundation Trust,RDD,5037,5066,0,0,0,0,0,0,0,0,0,0,0,0,0,0,0,0,0,0,0,0,0,0
411,,,Bedford Hospital NHS Trust,RC1,2946,2967,0,0,0,0,0,0,0,0,0,0,0,0,0,0,0,0,0,0,0,0,0,0
412,,,Bedfordshire and Luton Mental Health and Social Care Partnership NHS Trust,RV7,0,0,0,0,0,0,0,0,0,0,0,0,0,0,0,0,0,0,0,0,0,0,0,0
413,,,Bedfordshire Hospitals NHS Foundation Trust,RC9,4444,4476,7499,7554,7538,7571,7645,7567,7572,7585,7638,7617,7631,7742,7803,7790,7776,7791,7791,7829,7863,7859,7873,7826
414,,,Bedfordshire PCT,5P2,0,0,0,0,0,0,0,0,0,0,0,0,0,0,0,0,0,0,0,0,0,0,0,0
415,,,Cambridge University Hospitals NHS Foundation Trust,RGT,10737,10792,10764,10755,10852,10927,10930,10849,10868,10860,10911,10911,10985,11094,11166,11160,11193,11192,11172,11185,11195,11302,11333,11326
416,,,Cambridgeshire and Peterborough NHS Foundation Trust,RT1,4004,4013,4037,4044,4056,4058,4094,4075,4144,4110,4155,4156,4172,4210,4254,4225,4218,4216,4206,4205,4330,4285,4311,4312
417,,,Cambridgeshire Community Services NHS Trust,RYV,2378,2386,2401,2450,2444,2446,2450,2440,2471,2471,2520,2504,2523,2588,2607,2616,2622,2624,2626,2696,2628,2596,2628,2655
418,,,Cambridgeshire PCT,5PP,0,0,0,0,0,0,0,0,0,0,0,0,0,0,0,0,0,0,0,0,0,0,0,0
419,,,East and North Hertfordshire NHS Trust,RWH,5904,5959,5982,5988,6063,6099,6179,6079,6049,6116,6129,6122,6139,6241,6358,6332,6295,6265,6285,6241,6248,6293,6288,6272
420,,,East and North Hertfordshire PCT,5P3,0,0,0,0,0,0,0,0,0,0,0,0,0,0,0,0,0,0,0,0,0,0,0,0
421,,,East of England Ambulance Service NHS Trust,RYC,5144,5164,5221,5294,5296,5368,5450,5544,5670,5715,5757,5747,5789,5804,5813,5829,5816,5812,5760,5715,5696,5701,5707,5660
422,,,East Suffolk and North Essex NHS Foundation Trust,RDE,9874,9900,9954,10054,10143,10274,10314,10128,10127,10138,10152,10152,10267,10440,10539,10461,10429,10434,11101,11073,11099,11094,11099,11069
423,,,Essex Partnership University NHS Foundation Trust,R1L,4863,4889,4938,4943,4996,5054,5081,5095,5087,5108,5150,5156,5162,5174,5216,5324,5377,5472,5507,5549,5643,5684,5756,5754
424,,,Great Yarmouth and Waveney PCT,5PR,0,0,0,0,0,0,0,0,0,0,0,0,0,0,0,0,0,0,0,0,0,0,0,0
425,,,Hertfordshire Community NHS Trust,RY4,1971,1966,1953,1945,1953,1945,1939,1941,1989,2004,2071,2088,2350,2607,2804,2832,2980,3024,2989,2960,2910,2858,2865,2852
426,,,Hertfordshire Partnership University NHS Foundation Trust,RWR,3341,3359,3388,3437,3459,3511,3591,3536,3585,3568,3592,3622,3637,3692,3735,3690,3648,3650,3582,3595,3631,3624,3646,3623
427,,,Hertfordshire PCT,5QV,0,0,0,0,0,0,0,0,0,0,0,0,0,0,0,0,0,0,0,0,0,0,0,0
428,,,Hinchingbrooke Health Care NHS Trust,RQQ,0,0,0,0,0,0,0,0,0,0,0,0,0,0,0,0,0,0,0,0,0,0,0,0
429,,,Ipswich Hospital NHS Trust,RGQ,0,0,0,0,0,0,0,0,0,0,0,0,0,0,0,0,0,0,0,0,0,0,0,0
430,,,James Paget University Hospitals NHS Foundation Trust,RGP,3353,3365,3415,3450,3466,3486,3493,3478,3481,3487,3517,3519,3536,3592,3628,3613,3642,3631,3658,3676,3734,3767,3787,3772
431,,,Luton PCT,5GC,0,0,0,0,0,0,0,0,0,0,0,0,0,0,0,0,0,0,0,0,0,0,0,0
432,,,Mid and South Essex NHS Foundation Trust,RAJ,4700,4711,14873,14807,14745,14748,14710,14733,14875,14911,15017,14987,14968,15150,15382,15385,15331,15304,15242,15331,15399,15372,15398,15287
433,,,Mid Essex Hospital Services NHS Trust,RQ8,4959,4992,0,0,0,0,0,0,0,0,0,0,0,0,0,0,0,0,0,0,0,0,0,0
434,,,Mid Essex PCT,5PX,0,0,0,0,0,0,0,0,0,0,0,0,0,0,0,0,0,0,0,0,0,0,0,0
435,,,Milton Keynes PCT,5CQ,0,0,0,0,0,0,0,0,0,0,0,0,0,0,0,0,0,0,0,0,0,0,0,0
436,,,Milton Keynes University Hospital NHS Foundation Trust,RD8,3529,3551,3587,3566,3631,3672,3680,3610,3636,3640,3649,3650,3655,3686,3729,3756,3727,3736,3720,3710,3728,3731,3745,3731
437,,,NHS Basildon and Brentwood CCG,99E,73,73,74,72,71,72,70,70,70,70,70,72,72,71,69,70,69,68,68,66,67,68,70,73
438,,,NHS Bedfordshire CCG,06F,194,196,196,194,192,192,190,191,187,186,188,188,187,189,0,0,0,0,0,0,0,0,0,0
439,,,"NHS Bedfordshire, Luton and Milton Keynes CCG",M1J4Y,0,0,0,0,0,0,0,0,0,0,0,0,0,0,365,342,336,330,326,330,336,338,349,349
440,,,NHS Cambridgeshire and Peterborough CCG,06H,356,346,344,342,344,354,362,358,366,365,371,371,371,384,387,391,390,386,387,388,390,392,396,390
441,,,NHS Castle Point and Rochford CCG,99F,86,86,87,88,89,92,91,89,87,86,85,84,82,80,81,81,80,82,83,83,90,88,87,88
442,,,NHS East and North Hertfordshire CCG,06K,353,315,318,330,329,328,326,352,347,322,323,318,316,316,320,326,326,326,323,326,329,330,325,323
443,,,NHS Great Yarmouth and Waveney CCG,06M,129,131,0,0,0,0,0,0,0,0,0,0,0,0,0,0,0,0,0,0,0,0,0,0
444,,,NHS Herts Valleys CCG,06N,246,245,248,247,247,247,251,248,254,258,255,250,250,254,257,254,255,258,259,263,261,263,267,262
445,,,NHS Luton CCG,06P,97,98,97,97,96,100,100,99,98,96,93,93,93,93,0,0,0,0,0,0,0,0,0,0
446,,,NHS Mid Essex CCG,06Q,177,177,178,172,174,173,171,171,173,167,168,170,173,173,172,171,171,168,169,173,174,178,181,184
447,,,NHS Milton Keynes CCG,04F,91,92,92,92,92,91,91,93,92,88,87,87,85,86,0,0,0,0,0,0,0,0,0,0
448,,,NHS Norfolk and Waveney CCG,26A,0,0,405,405,404,413,420,422,428,418,427,429,438,445,455,470,467,464,483,493,512,519,530,532
449,,,NHS North East Essex CCG,06T,122,124,123,120,123,125,125,125,122,122,123,125,128,129,129,128,126,126,130,129,129,138,138,137
450,,,NHS North Norfolk CCG,06V,39,39,0,0,0,0,0,0,0,0,0,0,0,0,0,0,0,0,0,0,0,0,0,0
451,,,NHS Norwich CCG,06W,140,136,0,0,0,0,0,0,0,0,0,0,0,0,0,0,0,0,0,0,0,0,0,0
452,,,NHS South Norfolk CCG,06Y,50,52,0,0,0,0,0,0,0,0,0,0,0,0,0,0,0,0,0,0,0,0,0,0
453,,,NHS Southend CCG,99G,43,45,45,44,44,43,43,42,41,41,42,43,43,42,43,42,40,41,39,39,38,38,37,36
454,,,NHS Thurrock CCG,07G,59,60,60,60,60,60,59,59,59,58,58,59,58,58,56,54,56,58,58,59,58,57,58,55
455,,,NHS West Essex CCG,07H,160,158,156,154,155,156,157,154,153,150,154,153,154,158,158,160,162,163,164,168,175,176,179,181
456,,,NHS West Norfolk CCG,07J,52,52,0,0,0,0,0,0,0,0,0,0,0,0,0,0,0,0,0,0,0,0,0,0
457,,,NHS West Suffolk CCG,07K,319,315,316,306,310,310,312,312,315,316,322,322,327,328,329,329,331,332,331,329,341,342,345,348
458,,,Norfolk and Norwich University Hospitals NHS Foundation Trust,RM1,8543,8600,8703,8801,8890,8976,8967,8980,8967,8982,9008,8983,9027,9068,9107,9061,9016,8991,8936,8945,8988,8995,8963,8875
459,,,Norfolk and Suffolk NHS Foundation Trust,RMY,4275,4273,4286,4328,4383,4416,4436,4393,4395,4414,4435,4435,4480,4549,4624,4588,4586,4586,4589,4610,4632,4608,4639,4625
460,,,Norfolk Community Health and Care NHS Trust,RY3,2223,2238,2240,2237,2247,2229,2223,2230,2252,2255,2266,2271,2292,2317,2333,2300,2307,2294,2278,2296,2274,2280,2305,2302
461,,,Norfolk PCT,5PQ,0,0,0,0,0,0,0,0,0,0,0,0,0,0,0,0,0,0,0,0,0,0,0,0
462,,,North East Essex PCT,5PW,0,0,0,0,0,0,0,0,0,0,0,0,0,0,0,0,0,0,0,0,0,0,0,0
463,,,North Essex Partnership University NHS Foundation Trust,RRD,0,0,0,0,0,0,0,0,0,0,0,0,0,0,0,0,0,0,0,0,0,0,0,0
464,,,North West Anglia NHS Foundation Trust,RGN,6467,6489,6510,6543,6556,6603,6639,6519,6554,6568,6579,6598,6637,6691,6747,6741,6750,6774,6788,6750,6773,6780,6821,6786
465,,,Peterborough PCT,5PN,0,0,0,0,0,0,0,0,0,0,0,0,0,0,0,0,0,0,0,0,0,0,0,0
466,,,Princess Alexandra Hospital NHS Trust,RQW,3603,3606,3643,3617,3623,3654,3652,3656,3642,3664,3690,3675,3674,3669,3699,3719,3732,3753,3724,3740,3771,3761,3750,3721
467,,,Queen Elizabeth Hospital King's Lynn NHS Foundation Trust,RCX,3465,3471,3488,3482,3503,3524,3545,3512,3526,3619,3655,3662,3688,3737,3768,3749,3756,3757,3791,3741,3736,3722,3756,3743
468,,,Royal Papworth Hospital NHS Foundation Trust,RGM,1926,1929,1982,1970,1981,1980,1990,1988,2022,2034,2070,2055,2050,2070,2081,2052,2039,2049,2047,2040,2040,2038,2043,2025
469,,,South East Essex PCT,5P1,0,0,0,0,0,0,0,0,0,0,0,0,0,0,0,0,0,0,0,0,0,0,0,0
470,,,South Essex Partnership University NHS Foundation Trust,RWN,0,0,0,0,0,0,0,0,0,0,0,0,0,0,0,0,0,0,0,0,0,0,0,0
471,,,South West Essex PCT,5PY,0,0,0,0,0,0,0,0,0,0,0,0,0,0,0,0,0,0,0,0,0,0,0,0
472,,,Suffolk Mental Health Partnership NHS Trust,RT6,0,0,0,0,0,0,0,0,0,0,0,0,0,0,0,0,0,0,0,0,0,0,0,0
473,,,Suffolk PCT,5PT,0,0,0,0,0,0,0,0,0,0,0,0,0,0,0,0,0,0,0,0,0,0,0,0
474,,,West Essex PCT,5PV,0,0,0,0,0,0,0,0,0,0,0,0,0,0,0,0,0,0,0,0,0,0,0,0
475,,,West Hertfordshire PCT,5P4,0,0,0,0,0,0,0,0,0,0,0,0,0,0,0,0,0,0,0,0,0,0,0,0
476,,,West Hertfordshire Teaching Hospitals NHS Trust,RWG,4955,4983,5024,5008,5007,5035,5041,4991,4997,5001,5063,5079,5147,5230,5266,5242,5235,5217,5210,5211,5208,5233,5232,5221
477,,,West Suffolk NHS Foundation Trust,RGR,4219,4248,4258,4345,4334,4340,4367,4338,4367,4376,4519,4532,4575,4621,4678,4690,4698,4693,4689,4692,4712,4716,4753,4719
479,Y62,North West,,,195717,196160,197296,199641,201604,202854,202580,200387,200526,200667,201706,201447,202911,205309,206525,205664,205398,205653,205509,206146,207180,207565,208364,207970
480,,,Alder Hey Children's NHS Foundation Trust,RBS,3698,3734,3743,3810,3916,3890,3914,3823,3857,3912,3936,3925,3952,4051,4074,4033,3996,4041,4028,4044,4052,4094,4131,4146
481,,,"Ashton, Leigh and Wigan PCT",5HG,0,0,0,0,0,0,0,0,0,0,0,0,0,0,0,0,0,0,0,0,0,0,0,0
482,,,Blackburn with Darwen PCT,5CC,0,0,0,0,0,0,0,0,0,0,0,0,0,0,0,0,0,0,0,0,0,0,0,0
483,,,Blackburn with Darwen Teaching Care Trust Plus,TAP,0,0,0,0,0,0,0,0,0,0,0,0,0,0,0,0,0,0,0,0,0,0,0,0
484,,,Blackpool PCT,5HP,0,0,0,0,0,0,0,0,0,0,0,0,0,0,0,0,0,0,0,0,0,0,0,0
485,,,Blackpool Teaching Hospitals NHS Foundation Trust,RXL,6998,7062,7099,7198,7249,7277,7276,7230,7274,7295,7349,7350,7436,7482,7548,7564,7564,7577,7590,7616,7684,7703,7725,7732
486,,,Bolton NHS Foundation Trust,RMC,6174,6155,6151,6272,6387,6438,6450,6269,6254,6216,6237,6212,6230,6299,6318,6218,6202,6237,6265,6255,6354,6381,6427,6380
487,,,Bolton PCT,5HQ,0,0,0,0,0,0,0,0,0,0,0,0,0,0,0,0,0,0,0,0,0,0,0,0
488,,,Bridgewater Community Healthcare NHS Foundation Trust,RY2,1781,1773,1770,1541,1549,1550,1542,1543,1626,1630,1645,1648,1673,1690,1702,1680,1700,1702,1693,1677,1691,1702,1675,1672
489,,,Bury PCT,5JX,0,0,0,0,0,0,0,0,0,0,0,0,0,0,0,0,0,0,0,0,0,0,0,0
490,,,Calderstones Partnership NHS Foundation Trust,RJX,0,0,0,0,0,0,0,0,0,0,0,0,0,0,0,0,0,0,0,0,0,0,0,0
491,,,Central and Eastern Cheshire PCT,5NP,0,0,0,0,0,0,0,0,0,0,0,0,0,0,0,0,0,0,0,0,0,0,0,0
492,,,Central Lancashire PCT,5NG,0,0,0,0,0,0,0,0,0,0,0,0,0,0,0,0,0,0,0,0,0,0,0,0
493,,,Central Manchester University Hospitals NHS Foundation Trust,RW3,0,0,0,0,0,0,0,0,0,0,0,0,0,0,0,0,0,0,0,0,0,0,0,0
494,,,Cheshire and Wirral Partnership NHS Foundation Trust,RXA,3676,3688,3706,3690,3754,3766,3779,3776,3752,3744,3775,3767,3772,3822,3853,3877,3877,3890,3880,3884,3876,3908,3910,3930
495,,,Christie NHS Foundation Trust,RBV,3063,3066,3079,3085,3100,3153,3154,3161,3140,3146,3162,3157,3160,3189,3190,3166,3151,3150,3141,3156,3185,3210,3228,3259
496,,,Clatterbridge Cancer Centre NHS Foundation Trust,REN,1397,1399,1425,1423,1441,1478,1480,1477,1486,1496,1506,1510,1522,1527,1532,1517,1536,1537,1540,1564,1575,1589,1595,1601
497,,,Countess of Chester Hospital NHS Foundation Trust,RJR,4132,4121,4159,4217,4245,4286,4282,4243,4221,4199,4246,4257,4273,4336,4344,4326,4359,4396,4401,4385,4381,4377,4381,4360
498,,,East Cheshire NHS Trust,RJN,2595,2596,2597,2570,2567,2572,2577,2562,2567,2579,2611,2621,2633,2641,2654,2658,2640,2643,2621,2601,2599,2588,2565,2561
499,,,East Lancashire Hospitals NHS Trust,RXR,8872,8919,8976,9070,9201,9243,9225,9132,9107,9109,9179,9191,9334,9617,9778,9648,9571,9530,9484,9500,9576,9585,9609,9570
500,,,East Lancashire Teaching PCT,5NH,0,0,0,0,0,0,0,0,0,0,0,0,0,0,0,0,0,0,0,0,0,0,0,0
501,,,Greater Manchester Mental Health NHS Foundation Trust,RXV,5086,5105,5121,5329,5429,5490,5466,5356,5391,5359,5369,5350,5345,5342,5397,6232,6236,6244,6214,6222,6237,6194,6225,6201
502,,,Halton and St Helens PCT,5NM,0,0,0,0,0,0,0,0,0,0,0,0,0,0,0,0,0,0,0,0,0,0,0,0
503,,,"Heywood, Middleton and Rochdale PCT",5NQ,0,0,0,0,0,0,0,0,0,0,0,0,0,0,0,0,0,0,0,0,0,0,0,0
504,,,Knowsley PCT,5J4,0,0,0,0,0,0,0,0,0,0,0,0,0,0,0,0,0,0,0,0,0,0,0,0
505,,,Lancashire and South Cumbria NHS Foundation Trust,RW5,6572,6574,6624,6618,6671,6723,6728,6718,6721,6763,6815,6790,6847,6934,6981,6951,6691,6744,6736,6749,6841,6838,6872,6864
506,,,Lancashire Teaching Hospitals NHS Foundation Trust,RXN,8427,8446,8432,8648,8746,8767,8753,8577,8610,8654,8720,8736,8789,8956,8984,9144,9033,9046,9062,9245,9285,9283,9359,9323
507,,,Liverpool Community Health NHS Trust,RY1,0,0,0,0,0,0,0,0,0,0,0,0,0,0,0,0,0,0,0,0,0,0,0,0
508,,,Liverpool Heart and Chest Hospital NHS Foundation Trust,RBQ,1673,1682,1686,1786,1788,1797,1799,1784,1785,1790,1794,1798,1809,1825,1814,1807,1778,1758,1750,1774,1801,1806,1848,1855
509,,,Liverpool PCT,5NL,0,0,0,0,0,0,0,0,0,0,0,0,0,0,0,0,0,0,0,0,0,0,0,0
510,,,Liverpool University Hospitals NHS Foundation Trust,REM,12514,12527,12716,13113,13182,13097,12954,12838,12912,12932,12974,13007,13188,13378,13357,13234,13261,13276,13287,13333,13409,13374,13562,13552
511,,,Liverpool Women's NHS Foundation Trust,REP,1529,1521,1514,1511,1533,1550,1538,1524,1539,1545,1545,1546,1554,1561,1575,1568,1567,1555,1538,1548,1561,1587,1594,1589
512,,,Manchester Mental Health and Social Care Trust,TAE,0,0,0,0,0,0,0,0,0,0,0,0,0,0,0,0,0,0,0,0,0,0,0,0
513,,,Manchester PCT,5NT,0,0,0,0,0,0,0,0,0,0,0,0,0,0,0,0,0,0,0,0,0,0,0,0
514,,,Manchester University NHS Foundation Trust,R0A,22930,23007,23198,23443,23768,23972,23979,23505,23565,23540,23761,23715,23864,24104,24252,26975,26956,26973,27027,27028,27349,27498,27632,27643
515,,,Mersey Care NHS Foundation Trust,RW4,7037,7050,7148,7270,7310,7354,7366,7311,7282,7279,7327,7338,7399,7398,7445,7428,10895,10881,10874,10863,10780,10780,10718,10672
516,,,Mid Cheshire Hospitals NHS Foundation Trust,RBT,4654,4770,4791,4803,4850,4872,4864,4820,4875,4898,4981,4804,4828,4887,4910,4916,4903,4924,4926,4965,5009,5046,5086,5071
517,,,NHS Blackburn with Darwen CCG,00Q,50,49,50,49,49,49,49,48,48,48,49,48,47,44,43,46,45,46,45,47,47,47,47,48
518,,,NHS Blackpool CCG,00R,94,93,94,92,92,92,91,91,95,100,102,102,104,105,106,106,105,102,103,105,104,103,102,100
519,,,NHS Bolton CCG,00T,157,157,152,143,140,141,142,142,143,143,140,140,142,142,144,141,140,141,139,138,134,137,137,135
520,,,NHS Bury CCG,00V,116,114,113,107,107,109,108,108,110,112,113,116,117,117,116,116,115,113,112,110,109,106,105,107
521,,,NHS Central Manchester CCG,00W,0,0,0,0,0,0,0,0,0,0,0,0,0,0,0,0,0,0,0,0,0,0,0,0
522,,,NHS Cheshire CCG,27D,0,0,333,331,310,311,309,310,312,314,320,321,321,322,327,326,326,333,328,329,333,334,333,336
523,,,NHS Chorley and South Ribble CCG,00X,81,81,80,79,78,76,77,76,76,75,78,78,78,81,80,78,77,76,76,77,77,76,76,76
524,,,NHS East Lancashire CCG,01A,132,116,119,122,122,114,114,114,114,113,110,111,110,112,112,114,114,113,113,112,112,113,114,110
525,,,NHS Eastern Cheshire CCG,01C,53,53,0,0,0,0,0,0,0,0,0,0,0,0,0,0,0,0,0,0,0,0,0,0
526,,,NHS Fylde and Wyre CCG,02M,49,50,49,47,47,48,49,48,48,47,48,48,47,47,46,46,45,46,46,46,47,46,46,46
527,,,NHS Greater Preston CCG,01E,9,9,9,9,9,9,9,9,9,9,9,9,9,9,9,9,9,9,9,9,9,9,9,9
528,,,NHS Halton CCG,01F,64,63,62,63,62,64,64,64,64,64,64,65,65,66,67,66,65,63,61,61,61,61,62,62
529,,,"NHS Heywood, Middleton and Rochdale CCG",01D,99,99,101,103,102,103,103,103,101,100,102,103,104,105,103,103,103,103,103,102,100,100,102,101
530,,,NHS Knowsley CCG,01J,64,66,68,67,67,66,64,65,64,63,63,61,61,61,62,61,61,59,60,58,58,58,58,58
531,,,NHS Liverpool CCG,99A,140,148,154,160,157,157,157,154,151,151,151,150,151,153,155,152,153,155,155,156,159,158,156,159
532,,,NHS Manchester CCG,14L,358,361,357,348,349,348,350,348,364,365,373,376,384,388,400,393,401,416,420,412,418,412,412,412
533,,,NHS Morecambe Bay CCG,01K,74,71,72,72,73,70,71,71,72,74,74,75,76,79,79,80,80,81,80,80,79,79,77,77
534,,,NHS North Manchester CCG,01M,0,0,0,0,0,0,0,0,0,0,0,0,0,0,0,0,0,0,0,0,0,0,0,0
535,,,NHS Oldham CCG,00Y,472,474,477,469,469,160,161,160,159,158,157,160,160,158,157,155,154,152,151,153,151,151,149,150
536,,,NHS Salford CCG,01G,142,139,140,143,143,143,141,144,144,143,143,142,144,145,147,144,141,142,140,142,142,143,141,138
537,,,NHS South Cheshire CCG,01R,170,171,0,0,0,0,0,0,0,0,0,0,0,0,0,0,0,0,0,0,0,0,0,0
538,,,NHS South Manchester CCG,01N,0,0,0,0,0,0,0,0,0,0,0,0,0,0,0,0,0,0,0,0,0,0,0,0
539,,,NHS South Sefton CCG,01T,137,138,140,139,142,142,141,143,143,142,143,143,143,145,149,148,152,156,154,155,154,152,153,152
540,,,NHS St Helens CCG,01X,99,99,98,98,98,99,102,101,101,96,98,97,97,96,95,96,95,96,97,97,99,97,101,101
541,,,NHS Stockport CCG,01W,117,100,102,100,99,99,100,99,100,106,108,106,107,104,109,106,108,112,110,106,106,101,104,102
542,,,NHS Tameside and Glossop CCG,01Y,105,105,107,105,104,107,107,106,104,104,104,102,102,101,100,100,99,96,96,97,95,97,97,96
543,,,NHS Trafford CCG,02A,108,105,105,100,100,101,100,101,101,102,100,100,98,97,98,98,99,97,98,99,99,97,98,99
544,,,NHS Vale Royal CCG,02D,35,35,0,0,0,0,0,0,0,0,0,0,0,0,0,0,0,0,0,0,0,0,0,0
545,,,NHS Warrington CCG,02E,86,86,86,84,85,82,96,97,98,102,103,104,105,105,102,98,98,99,99,102,101,100,101,99
546,,,NHS West Cheshire CCG,02F,75,77,0,0,0,0,0,0,0,0,0,0,0,0,0,0,0,0,0,0,0,0,0,0
547,,,NHS West Lancashire CCG,02G,62,59,60,55,56,56,56,56,57,57,55,55,55,56,46,45,45,46,46,45,46,46,46,45
548,,,NHS Wigan Borough CCG,02H,155,154,159,161,161,159,158,158,158,159,156,155,160,153,158,153,153,153,156,156,155,155,154,154
549,,,NHS Wirral CCG,12F,77,77,74,74,92,91,72,71,73,72,73,73,75,76,76,75,73,73,74,74,75,75,75,75
550,,,North Lancashire Teaching PCT,5NF,0,0,0,0,0,0,0,0,0,0,0,0,0,0,0,0,0,0,0,0,0,0,0,0
551,,,North West Ambulance Service NHS Trust,RX7,6505,6507,6508,6515,6521,6548,6570,6575,6639,6644,6677,6623,6700,6674,6692,6653,6642,6649,6665,6679,6651,6669,6698,6653
552,,,North West Boroughs Healthcare NHS Foundation Trust,RTV,3834,3873,3891,3765,3809,3837,3827,3795,3821,3875,3908,3903,3930,4001,4026,3194,0,0,0,0,0,0,0,0
553,,,Northern Care Alliance NHS Foundation Trust,RM3,10155,10151,10195,10289,10393,10849,10863,10802,10771,10768,10810,10812,10819,10911,10991,10912,10893,10920,10906,10941,11051,19054,19105,19089
554,,,Oldham PCT,5J5,0,0,0,0,0,0,0,0,0,0,0,0,0,0,0,0,0,0,0,0,0,0,0,0
555,,,Pennine Acute Hospitals NHS Trust,RW6,10599,10594,10583,10742,10900,11087,11059,10869,10791,10784,10801,10794,10891,11072,11154,8147,8112,8102,8053,8098,8031,0,0,0
556,,,Pennine Care NHS Foundation Trust,RT2,3567,3562,3597,3586,3628,3676,3679,3672,3572,3559,3579,3580,3576,3582,3570,3540,3513,3521,3511,3495,3489,3483,3498,3488
557,,,Royal Liverpool and Broadgreen University Hospitals NHS Trust,RQ6,0,0,0,0,0,0,0,0,0,0,0,0,0,0,0,0,0,0,0,0,0,0,0,0
558,,,Salford PCT,5F5,0,0,0,0,0,0,0,0,0,0,0,0,0,0,0,0,0,0,0,0,0,0,0,0
559,,,Sefton PCT,5NJ,0,0,0,0,0,0,0,0,0,0,0,0,0,0,0,0,0,0,0,0,0,0,0,0
560,,,Southport and Ormskirk Hospital NHS Trust,RVY,3069,3071,3103,3154,3184,3230,3224,3179,3173,3179,3172,3161,3219,3266,3281,3289,3254,3261,3237,3250,3265,3264,3279,3291
561,,,St Helens and Knowsley Teaching Hospitals NHS Trust,RBN,6234,6240,6332,6745,6757,6743,6733,6713,6658,6669,6683,6669,6715,6820,6825,6808,6804,6781,6805,6857,6825,6794,6865,6818
562,,,Stockport NHS Foundation Trust,RWJ,5402,5425,5450,5467,5486,5543,5530,5524,5508,5514,5527,5518,5571,5609,5660,5663,5679,5697,5679,5693,5733,5753,5755,5727
563,,,Stockport PCT,5F7,0,0,0,0,0,0,0,0,0,0,0,0,0,0,0,0,0,0,0,0,0,0,0,0
564,,,Tameside and Glossop Integrated Care NHS Foundation Trust,RMP,4028,4024,4043,4027,4092,4111,4096,4054,4033,4058,4052,4033,4051,4074,4092,4078,4123,4123,4107,4131,4117,4116,4106,4062
565,,,Tameside and Glossop PCT,5LH,0,0,0,0,0,0,0,0,0,0,0,0,0,0,0,0,0,0,0,0,0,0,0,0
566,,,Trafford Healthcare NHS Trust,RM4,0,0,0,0,0,0,0,0,0,0,0,0,0,0,0,0,0,0,0,0,0,0,0,0
567,,,Trafford PCT,5NR,0,0,0,0,0,0,0,0,0,0,0,0,0,0,0,0,0,0,0,0,0,0,0,0
568,,,University Hospital of South Manchester NHS Foundation Trust,RM2,0,0,0,0,0,0,0,0,0,0,0,0,0,0,0,0,0,0,0,0,0,0,0,0
569,,,University Hospitals of Morecambe Bay NHS Foundation Trust,RTX,6772,6773,6781,6850,6858,6916,6884,6807,6827,6838,6856,6862,6907,6995,7049,7029,7044,7050,7059,7090,7103,7120,7109,7108
570,,,Walton Centre NHS Foundation Trust,RET,1451,1446,1445,1475,1474,1467,1450,1456,1468,1462,1467,1457,1456,1482,1491,1485,1466,1472,1455,1478,1484,1489,1499,1503
571,,,Warrington and Halton Teaching Hospitals NHS Foundation Trust,RWW,4239,4220,4276,4374,4422,4432,4358,4309,4299,4271,4283,4276,4299,4399,4469,4420,4439,4409,4421,4431,4461,4454,4440,4409
572,,,Warrington PCT,5J2,0,0,0,0,0,0,0,0,0,0,0,0,0,0,0,0,0,0,0,0,0,0,0,0
573,,,Western Cheshire PCT,5NN,0,0,0,0,0,0,0,0,0,0,0,0,0,0,0,0,0,0,0,0,0,0,0,0
574,,,Wirral Community Health and Care NHS Foundation Trust,RY7,1621,1610,1615,1642,1639,1649,1652,1614,1609,1611,1609,1606,1662,1677,1673,1654,1654,1666,1664,1668,1789,1823,1825,1820
575,,,Wirral PCT,5NK,0,0,0,0,0,0,0,0,0,0,0,0,0,0,0,0,0,0,0,0,0,0,0,0
576,,,Wirral University Teaching Hospital NHS Foundation Trust,RBL,6198,6213,6288,6318,6382,6391,6389,6310,6294,6215,6184,6209,6240,6355,6418,6430,6463,6472,6501,6545,6536,6567,6586,6575
577,,,"Wrightington, Wigan and Leigh NHS Foundation Trust",RRF,6194,6235,6254,6321,6391,6456,6484,6407,6428,6436,6458,6502,6555,6644,6696,6706,6676,6686,6659,6673,6676,6706,6735,6733
579,Y63,North East and Yorkshire,,,214765,215431,216427,219058,220685,222129,222431,220353,220355,220612,221334,221106,222428,224535,226077,225714,225025,225445,225369,225572,226735,226690,227581,226862
580,,,Airedale NHS Foundation Trust,RCF,3175,3217,3265,3294,3323,3354,3368,3320,3346,3385,3398,3429,3446,3454,3468,3457,3451,3470,3440,3458,3464,3470,3497,3472
581,,,Barnsley Hospital NHS Foundation Trust,RFF,3721,3750,3800,3870,3933,3949,3902,3889,3880,3878,3876,3870,3901,3927,3949,3996,3992,3977,3999,4026,4051,4055,4068,4045
582,,,Barnsley PCT,5JE,0,0,0,0,0,0,0,0,0,0,0,0,0,0,0,0,0,0,0,0,0,0,0,0
583,,,Bassetlaw PCT,5ET,0,0,0,0,0,0,0,0,0,0,0,0,0,0,0,0,0,0,0,0,0,0,0,0
584,,,Bradford and Airedale Teaching PCT,5NY,0,0,0,0,0,0,0,0,0,0,0,0,0,0,0,0,0,0,0,0,0,0,0,0
585,,,Bradford District Care NHS Foundation Trust,TAD,3001,3006,3002,2996,3039,3034,3055,3004,3023,3026,3045,3049,3063,3082,3091,3095,3129,3132,3126,3143,3180,3184,3197,3197
586,,,Bradford Teaching Hospitals NHS Foundation Trust,RAE,6036,6057,6060,6203,6269,6283,6265,6147,6202,6220,6231,6209,6222,6221,6248,6256,6244,6225,6195,6194,6231,6201,6214,6164
587,,,Calderdale and Huddersfield NHS Foundation Trust,RWY,5987,5975,5988,6108,6127,6142,6154,6004,6052,6062,6091,6123,6160,6234,6299,6314,6235,6248,6221,6235,6280,6334,6363,6352
588,,,Calderdale PCT,5J6,0,0,0,0,0,0,0,0,0,0,0,0,0,0,0,0,0,0,0,0,0,0,0,0
589,,,City Hospitals Sunderland NHS Foundation Trust,RLN,0,0,0,0,0,0,0,0,0,0,0,0,0,0,0,0,0,0,0,0,0,0,0,0
590,,,County Durham and Darlington NHS Foundation Trust,RXP,7082,7092,7116,7229,7287,7352,7375,7355,7296,7234,7307,7284,7317,7385,7453,7435,7451,7485,7546,7549,7625,7659,7686,7658
591,,,County Durham PCT,5ND,0,0,0,0,0,0,0,0,0,0,0,0,0,0,0,0,0,0,0,0,0,0,0,0
592,,,Cumbria Teaching PCT,5NE,0,0,0,0,0,0,0,0,0,0,0,0,0,0,0,0,0,0,0,0,0,0,0,0
593,,,"Cumbria, Northumberland, Tyne and Wear NHS Foundation Trust",RX4,6635,6651,6704,6848,6930,7004,6998,6968,6935,6914,6930,6920,6911,7015,7066,7072,7034,7062,7053,7088,7167,7238,7308,7291
594,,,Darlington PCT,5J9,0,0,0,0,0,0,0,0,0,0,0,0,0,0,0,0,0,0,0,0,0,0,0,0
595,,,Doncaster and Bassetlaw Teaching Hospitals NHS Foundation Trust,RP5,6480,6530,6530,6590,6694,6783,6721,6673,6646,6650,6639,6621,6631,6613,6622,6619,6600,6613,6630,6639,6648,6673,6657,6619
596,,,Doncaster PCT,5N5,0,0,0,0,0,0,0,0,0,0,0,0,0,0,0,0,0,0,0,0,0,0,0,0
597,,,East Riding of Yorkshire PCT,5NW,0,0,0,0,0,0,0,0,0,0,0,0,0,0,0,0,0,0,0,0,0,0,0,0
598,,,Gateshead Health NHS Foundation Trust,RR7,4575,4589,4655,4690,4708,4782,4794,4724,4699,4705,4729,4739,4824,4888,4880,4887,4821,4818,4818,4807,4837,4837,4865,4856
599,,,Gateshead PCT,5KF,0,0,0,0,0,0,0,0,0,0,0,0,0,0,0,0,0,0,0,0,0,0,0,0
600,,,Harrogate and District NHS Foundation Trust,RCD,4518,4498,4478,4474,4486,4519,4515,4495,4492,4481,4453,4432,4448,4494,4500,4497,4474,4484,4488,4487,4503,4690,4692,4681
601,,,Hartlepool PCT,5D9,0,0,0,0,0,0,0,0,0,0,0,0,0,0,0,0,0,0,0,0,0,0,0,0
602,,,Hull Teaching PCT,5NX,0,0,0,0,0,0,0,0,0,0,0,0,0,0,0,0,0,0,0,0,0,0,0,0
603,,,Hull University Teaching Hospitals NHS Trust,RWA,8545,8596,8609,8788,8823,8937,8955,8954,8799,8809,8856,8842,8858,8971,8983,8930,8882,8896,8865,8913,8963,9026,8769,8766
604,,,Humber Teaching NHS Foundation Trust,RV9,2748,2761,2769,2788,2801,2831,2837,2861,2863,2889,2912,2917,2951,2994,2995,2998,2972,2949,2949,2941,2988,2989,3002,3004
605,,,Kirklees PCT,5N2,0,0,0,0,0,0,0,0,0,0,0,0,0,0,0,0,0,0,0,0,0,0,0,0
606,,,Leeds and York Partnership NHS Foundation Trust,RGD,2779,2782,2790,2829,2841,2869,2884,2842,2853,2864,2863,2877,2916,2926,2963,3001,3026,3018,3012,3045,3055,3067,3099,3093
607,,,Leeds Community Healthcare NHS Trust,RY6,3002,3031,3065,3088,3100,3121,3123,3123,3154,3171,3214,3200,3230,3240,3252,3198,3173,3167,3149,3122,3132,3125,3149,3130
608,,,Leeds PCT,5N1,0,0,0,0,0,0,0,0,0,0,0,0,0,0,0,0,0,0,0,0,0,0,0,0
609,,,Leeds Teaching Hospitals NHS Trust,RR8,17926,17976,18043,18210,18359,18324,18236,18255,18373,18377,18433,18388,18486,18643,19022,19015,19037,19131,19096,19245,19277,19352,19510,19386
610,,,Mid Yorkshire Hospitals NHS Trust,RXF,8584,8576,8592,8824,8855,8804,8864,8735,8733,8735,8798,8797,8842,8958,8983,9003,8956,8945,8942,8943,8984,8930,8930,8864
611,,,Middlesbrough PCT,5KM,0,0,0,0,0,0,0,0,0,0,0,0,0,0,0,0,0,0,0,0,0,0,0,0
612,,,Newcastle PCT,5D7,0,0,0,0,0,0,0,0,0,0,0,0,0,0,0,0,0,0,0,0,0,0,0,0
613,,,Newcastle Upon Tyne Hospitals NHS Foundation Trust,RTD,14966,15025,15051,15221,15287,15491,15541,15284,15308,15275,15294,15285,15447,15991,16315,16439,16295,16474,16544,16459,16500,16456,16524,16448
614,,,"NHS Airedale, Wharfedale and Craven CCG",02N,0,0,0,0,0,0,0,0,0,0,0,0,0,0,0,0,0,0,0,0,0,0,0,0
615,,,NHS Barnsley CCG,02P,149,149,150,152,152,153,153,154,152,150,147,147,145,148,154,155,154,153,152,152,150,148,146,144
616,,,NHS Bassetlaw CCG,02Q,49,48,48,47,47,47,46,45,44,43,43,44,45,47,47,45,47,46,46,44,43,42,41,42
617,,,NHS Bradford City CCG,02W,4,4,0,0,0,0,0,0,0,0,0,0,0,0,0,0,0,0,0,0,0,0,0,0
618,,,NHS Bradford District and Craven CCG,36J,0,0,222,238,235,232,232,230,234,236,236,237,238,237,237,238,239,240,238,240,240,242,242,238
619,,,NHS Bradford Districts CCG,02R,209,213,0,0,0,0,0,0,0,0,0,0,0,0,0,0,0,0,0,0,0,0,0,0
620,,,NHS Calderdale CCG,02T,86,83,83,82,85,83,82,82,83,87,89,87,89,88,89,87,88,87,86,89,90,92,95,94
621,,,NHS County Durham CCG,84H,0,0,2,0,0,0,0,0,0,0,0,0,0,0,0,0,0,0,0,0,0,0,0,0
622,,,NHS Darlington CCG,00C,0,0,0,0,0,0,0,0,0,0,0,0,0,0,0,0,0,0,0,0,0,0,0,0
623,,,NHS Doncaster CCG,02X,166,166,165,166,164,163,163,163,162,163,162,163,163,164,162,165,161,163,164,166,166,169,169,167
624,,,"NHS Durham Dales, Easington and Sedgefield CCG",00D,0,0,0,0,0,0,0,0,0,0,0,0,0,0,0,0,0,0,0,0,0,0,0,0
625,,,NHS East Riding of Yorkshire CCG,02Y,123,119,117,119,120,122,120,122,124,125,123,124,127,132,133,136,136,136,135,134,131,130,130,130
626,,,NHS Gateshead CCG,00F,0,0,0,0,0,0,0,0,0,0,0,0,0,0,0,0,0,0,0,0,0,0,0,0
627,,,NHS Greater Huddersfield CCG,03A,89,91,92,96,95,94,92,94,94,96,97,95,99,98,100,0,0,0,0,0,0,0,0,0
628,,,"NHS Hambleton, Richmondshire and Whitby CCG",03D,35,35,0,0,0,0,0,0,0,0,0,0,0,0,0,0,0,0,0,0,0,0,0,0
629,,,NHS Harrogate and Rural District CCG,03E,58,59,0,0,0,0,0,0,0,0,0,0,0,0,0,0,0,0,0,0,0,0,0,0
630,,,NHS Hull CCG,03F,93,93,92,92,92,87,85,84,86,87,85,86,86,87,84,83,83,84,86,86,86,84,84,86
631,,,NHS Kirklees CCG,X2C4Y,0,0,0,0,0,0,0,0,0,0,0,0,0,0,0,196,199,199,187,186,187,187,186,188
632,,,NHS Leeds CCG,15F,368,370,373,371,369,369,371,369,369,367,367,365,361,357,354,352,353,359,355,351,356,359,360,361
633,,,NHS Leeds North CCG,02V,0,0,0,0,0,0,0,0,0,0,0,0,0,0,0,0,0,0,0,0,0,0,0,0
634,,,NHS Leeds South and East CCG,03G,0,0,0,0,0,0,0,0,0,0,0,0,0,0,0,0,0,0,0,0,0,0,0,0
635,,,NHS Leeds West CCG,03C,0,0,0,0,0,0,0,0,0,0,0,0,0,0,0,0,0,0,0,0,0,0,0,0
636,,,NHS Newcastle North and East CCG,00G,0,0,0,0,0,0,0,0,0,0,0,0,0,0,0,0,0,0,0,0,0,0,0,0
637,,,NHS North Cumbria CCG,01H,3,3,3,2,2,2,1,1,1,1,1,1,1,1,1,1,1,1,1,1,1,1,1,1
638,,,NHS North Durham CCG,00J,2,2,0,0,0,0,0,0,0,0,0,0,0,0,0,0,0,0,0,0,0,0,0,0
639,,,NHS North East Lincolnshire CCG,03H,97,97,97,99,100,101,101,100,102,103,105,106,108,107,104,105,104,106,105,105,104,103,102,101
640,,,NHS North Kirklees CCG,03J,90,92,94,92,92,92,91,90,95,93,95,94,93,93,94,0,0,0,0,0,0,0,0,0
641,,,NHS North Lincolnshire CCG,03K,60,62,64,67,66,69,69,67,65,65,64,63,64,66,65,66,65,65,64,63,64,64,65,66
642,,,NHS North Tyneside CCG,99C,0,0,0,0,0,0,0,0,0,0,0,0,0,0,0,0,0,0,0,0,0,0,0,0
643,,,NHS North Yorkshire CCG,42D,0,0,164,159,158,157,162,159,157,157,159,158,155,154,151,149,152,152,155,154,153,159,160,161
644,,,NHS Rotherham CCG,03L,113,113,114,117,119,119,121,120,120,120,120,120,120,121,121,120,120,121,121,121,122,120,119,119
645,,,NHS Scarborough and Ryedale CCG,03M,69,70,0,0,0,0,0,0,0,0,0,0,0,0,0,0,0,0,0,0,0,0,0,0
646,,,NHS Sheffield CCG,03N,331,328,330,361,360,355,355,361,358,360,362,365,368,366,364,366,364,367,371,375,376,379,378,372
647,,,NHS South Tees CCG,00M,661,663,0,0,0,0,0,0,0,0,0,0,0,0,0,0,0,0,0,0,0,0,0,0
648,,,NHS Sunderland CCG,00P,6,6,6,5,5,5,5,4,3,3,3,3,3,3,3,2,2,2,2,2,2,2,2,2
649,,,NHS Tees Valley CCG,16C,0,0,668,680,679,680,683,677,679,678,689,689,702,697,695,702,705,706,696,700,702,707,705,703
650,,,NHS Vale of York CCG,03Q,119,118,120,122,123,123,123,120,121,119,122,124,124,125,124,124,123,122,123,124,123,122,120,121
651,,,NHS Wakefield CCG,03R,199,198,200,199,198,198,203,203,207,211,212,214,213,214,210,210,210,212,212,210,212,213,217,222
652,,,North Cumbria Integrated Care NHS Foundation Trust,RNN,6429,6428,6436,6513,6493,6589,6573,6475,6480,6514,6543,6576,6654,6700,6723,6612,6590,6636,6639,6641,6670,6713,6739,6721
653,,,North Cumbria University Hospitals NHS Trust,RNL,0,0,0,0,0,0,0,0,0,0,0,0,0,0,0,0,0,0,0,0,0,0,0,0
654,,,North East Ambulance Service NHS Foundation Trust,RX6,2762,2767,2781,2781,2784,2802,2815,2855,2870,2868,2870,2857,2899,2911,2921,2917,2917,2901,2905,2897,2869,2879,2880,2856
655,,,North East Lincolnshire Care Trust Plus,TAN,0,0,0,0,0,0,0,0,0,0,0,0,0,0,0,0,0,0,0,0,0,0,0,0
656,,,North Lincolnshire PCT,5EF,0,0,0,0,0,0,0,0,0,0,0,0,0,0,0,0,0,0,0,0,0,0,0,0
657,,,North Tees and Hartlepool NHS Foundation Trust,RVW,5349,5355,5341,5400,5464,5498,5519,5434,5379,5377,5380,5369,5416,5499,5501,5448,5439,5432,5396,5371,5421,5438,5458,5459
658,,,North Tyneside PCT,5D8,0,0,0,0,0,0,0,0,0,0,0,0,0,0,0,0,0,0,0,0,0,0,0,0
659,,,North Yorkshire and York PCT,5NV,0,0,0,0,0,0,0,0,0,0,0,0,0,0,0,0,0,0,0,0,0,0,0,0
660,,,Northern Lincolnshire and Goole NHS Foundation Trust,RJL,6396,6403,6393,6415,6424,6483,6504,6464,6409,6417,6409,6390,6426,6480,6572,6533,6520,6520,6496,6490,6500,6512,6539,6516
661,,,Northumberland Care Trust,TAC,0,0,0,0,0,0,0,0,0,0,0,0,0,0,0,0,0,0,0,0,0,0,0,0
662,,,Northumbria Healthcare NHS Foundation Trust,RTF,8261,8285,8362,8474,8533,8595,8686,8635,8623,8589,8644,8632,8664,8750,8787,8749,8704,8748,8783,8747,8810,8049,8111,8090
663,,,Redcar and Cleveland PCT,5QR,0,0,0,0,0,0,0,0,0,0,0,0,0,0,0,0,0,0,0,0,0,0,0,0
664,,,Rotherham Doncaster and South Humber NHS Foundation Trust,RXE,3308,3329,3376,3390,3405,3422,3425,3410,3393,3387,3385,3391,3392,3398,3422,3400,3409,3415,3406,3431,3488,3502,3525,3535
665,,,Rotherham NHS Foundation Trust,RFR,4479,4507,4540,4568,4578,4650,4654,4578,4593,4603,4612,4619,4644,4666,4676,4691,4673,4679,4678,4675,4694,4706,4712,4704
666,,,Rotherham PCT,5H8,0,0,0,0,0,0,0,0,0,0,0,0,0,0,0,0,0,0,0,0,0,0,0,0
667,,,Scarborough and North East Yorkshire Health Care NHS Trust,RCC,0,0,0,0,0,0,0,0,0,0,0,0,0,0,0,0,0,0,0,0,0,0,0,0
668,,,Sheffield Children's NHS Foundation Trust,RCU,3359,3388,3418,3449,3442,3491,3495,3459,3505,3509,3531,3510,3520,3524,3554,3558,3548,3549,3555,3554,3563,3579,3625,3643
669,,,Sheffield Health and Social Care NHS Foundation Trust,TAH,2431,2453,2471,2510,2513,2546,2546,2517,2538,2555,2557,2542,2540,2533,2546,2483,2480,2467,2462,2471,2490,2511,2510,2504
670,,,Sheffield PCT,5N4,0,0,0,0,0,0,0,0,0,0,0,0,0,0,0,0,0,0,0,0,0,0,0,0
671,,,Sheffield Teaching Hospitals NHS Foundation Trust,RHQ,16953,16986,17004,17202,17249,17259,17253,17125,17122,17141,17160,17118,17146,17180,17238,17243,17229,17213,17149,17240,17299,17342,17411,17369
672,,,South Tees Hospitals NHS Foundation Trust,RTR,8734,8813,8905,9052,9238,9220,9305,9103,9099,9104,9167,9160,9275,9403,9464,9450,9464,9467,9470,9457,9495,9490,9501,9491
673,,,South Tyneside and Sunderland NHS Foundation Trust,R0B,8757,8750,8798,8882,8865,8952,8944,8841,8836,8854,8899,8865,8874,8923,8960,8912,8886,8854,8900,8843,8835,8845,8871,8822
674,,,South Tyneside NHS Foundation Trust,RE9,0,0,0,0,0,0,0,0,0,0,0,0,0,0,0,0,0,0,0,0,0,0,0,0
675,,,South Tyneside PCT,5KG,0,0,0,0,0,0,0,0,0,0,0,0,0,0,0,0,0,0,0,0,0,0,0,0
676,,,South West Yorkshire Partnership NHS Foundation Trust,RXG,4270,4285,4312,4367,4420,4441,4442,4378,4418,4418,4439,4448,4458,4479,4498,4476,4474,4474,4480,4486,4504,4503,4509,4500
677,,,Stockton-On-Tees Teaching PCT,5E1,0,0,0,0,0,0,0,0,0,0,0,0,0,0,0,0,0,0,0,0,0,0,0,0
678,,,Sunderland Teaching PCT,5KL,0,0,0,0,0,0,0,0,0,0,0,0,0,0,0,0,0,0,0,0,0,0,0,0
679,,,"Tees, Esk and Wear Valleys NHS Foundation Trust",RX3,6797,6836,6912,7019,7220,7367,7410,7358,7258,7269,7297,7293,7334,7430,7452,7385,7371,7397,7409,7435,7520,7534,7571,7556
680,,,Wakefield District PCT,5N3,0,0,0,0,0,0,0,0,0,0,0,0,0,0,0,0,0,0,0,0,0,0,0,0
681,,,York and Scarborough Teaching Hospitals NHS Foundation Trust,RCB,8643,8651,8673,8674,8809,8827,8867,8723,8760,8809,8820,8809,8891,9002,9034,9048,8968,8984,8940,8971,9024,9037,9344,9349
682,,,Yorkshire Ambulance Service NHS Trust,RX8,5192,5214,5294,5357,5406,5453,5440,5439,5506,5578,5592,5561,5636,5636,5675,5623,5595,5622,5650,5624,5699,5772,5765,5716
